"E1","E2","E3","E4","E5","E6","E7","E8","E9","E10","E11","E12","E13","E14","E15","E16","O"
-0.380629261569861,0.347718117072888,-0.0811135141597279,-1.30077085724195,-0.0983333260076122,-0.263856072633418,-0.449965108198637,-0.446743845264021,-1.11889431660587,0.665570777232302,0.367521806995525,-0.231588392746474,0.182454265555719,0.201772906644429,-0.20632600992441,0.312311768612715,0.631393417961774
-0.374928952386282,-0.191069378540647,1.36218040855322,0.809203234142342,0.3284502379663,0.463393345557946,0.218512544206838,-0.670378486017118,-0.14302294627141,0.286697783825745,0.664543113282502,0.455454471933173,0.78734110054888,0.627309249083409,0.563238660204652,-0.616608635997985,-0.720384484095741
-1.72107561776188,-1.27178552875655,0.0223018681788009,-0.329569037953263,-0.285808857589439,0.280559863743257,0.232743698237838,0.686095782499052,0.38699062238048,0.653314099134525,0.131536125980752,0.90371943477876,0.026070188462524,-0.0512187161943899,-0.138121916380919,-1.38205040535021,-1.65450338563274
0.350477920987485,-0.290814935110414,-0.577355604443813,0.656149011562253,-0.37380560480997,-0.164002991827117,1.07549761043129,-0.326417773251165,0.438757353645904,-1.61458489326687,-1.30394551216289,-1.06470061229577,0.439144753286177,-0.013146092468976,0.0142011854428417,0.216152632897348,0.566157292765805
-1.38406008554099,-1.21259209258095,-0.624800134275317,0.623577477556429,0.0159592918363843,-1.22535896611742,-1.20555206788519,-0.986522402186317,-0.124807410784652,-0.468724176019431,-0.0129301727381632,-0.445213485024703,-0.366718266173492,0.310178217498298,0.385400102907611,0.49636111787372,0.305125306156483
-0.188340329421293,-0.303224303235217,0.729655694586525,0.316961722753125,-1.69522936488873,-0.00533986694626321,-0.319320716541549,-0.125234855831962,0.14640602974796,-0.634233569351229,-0.786230603371556,0.362837435489275,0.212986387514663,0.110082850131843,-0.161813138251926,0.623971591641916,1.03644768124917
0.703625317468734,1.34864528911557,0.653579528513332,0.389578627093409,0.590804817281491,1.08411684705701,0.477148169865358,0.0889359174579233,0.249902950415179,0.198360010382979,-0.336488901980481,0.58214570487382,-2.69894995840006,-2.10525264131575,-2.12466394970895,-0.216563219104941,-2.30915947815789
0.513844390827865,-0.508592312545238,0.118427276746551,-1.30153368528714,-0.436333197128942,-0.402981406397705,0.183147095825644,0.413598335163654,-0.361718093738914,0.648194133033406,0.535587438671689,-0.339141736054405,-2.74288116754231,-2.37636525673874,-1.86892742899073,-0.301123408864908,-3.13672753780746
1.37393966557905,0.186263658225926,-0.0495355085624039,0.220740303380971,0.377905717912507,0.309673102671915,1.33284279427505,0.135315124195525,0.925353873975477,1.18565245148256,0.217341954143774,0.902316738323735,-1.06719236687947,-1.04162112130947,-1.37350816019028,1.17669735271003,1.97059834188089
-0.317052500003031,0.466637181261881,0.827094230234535,1.00019359676258,-0.0499049917402788,0.0294984757085486,0.3280161240468,0.102056364119315,0.564462629593498,0.381990639859037,0.119863643978885,-0.730898330004142,-0.367429974758895,-0.645284848346279,-0.136194291602329,-0.607175651648816,-0.323757880499651
-1.27824226907571,-0.801635088585989,0.483270723184283,-0.0380858050539741,-0.408018317641298,0.427293192201047,1.64480755623288,-0.298792841279602,-0.00036048114944902,2.41095049715236,1.5850427221594,1.23918241081491,0.509414934931517,0.431011240530347,0.686000998277643,-0.974249493102625,2.26621381671073
-1.44220886591055,-0.82288575186445,0.631066616776022,-0.547361194586536,-0.398880673401671,1.64471589457378,0.142941862262783,-0.58331340076722,0.626337306946851,0.994963814730069,0.65784243117704,0.189299183863655,0.521872700015168,-0.231283074193343,0.376444750370859,0.158036008608518,1.21355509243402
0.486595235015788,-0.189805109114463,-0.0579471000126129,-0.367726598024463,1.34856317347301,0.775524580089043,-0.868205066411989,-0.148932970128101,-1.14211117373066,-1.66279397859554,-1.76423476422529,-1.03560810678507,-1.80067177375257,-0.816488101031482,-0.701375736009997,-0.749826332145328,-3.87192287789545
1.95019131523192,0.345610967671706,0.150277750234842,0.15962353851826,-0.822348596848828,-0.24261727424447,-0.00713958826074487,0.159466480814645,0.630830381193042,-0.578113125650072,-0.88533838340583,0.131136927880123,0.519774698172771,0.338720226719665,0.625773317097789,-0.569806470826184,-1.08853262922527
-1.2814912164918,-0.502980085893148,-0.699486861180159,-1.29338486846166,-1.1431474037752,-0.113467139237752,0.202044103538377,-1.97260507685049,-0.715922787928573,-1.22949905465333,-1.09392262219907,-0.802910542797313,-0.611091973833082,-1.14603302062444,-0.0570557961837319,0.207322099961134,-3.48195018319731
-1.55888901029014,-0.0186909026478027,-0.375030556571513,-0.0828404221483892,-0.0462838273309026,-0.0204074667249393,-0.0416033558517621,-0.595407577207776,-0.899348252039729,1.13996571227651,0.496299554978833,-0.0876337686451658,-0.151177402904007,0.342880056173925,-0.320196885609268,0.444436156478122,1.66120115494336
0.365912547906905,2.16192493725218,0.65218150706515,-2.05976953904298,-0.901324781247087,-0.634050689002126,-0.438087621148489,-0.947013821213384,-0.569907013149435,-1.03894890925106,-0.275766232677143,-0.714216960105397,-0.720042070449776,-0.564159337799303,-1.17147782200166,0.90326639166899,-1.25642753719609
0.797380716863518,0.614893957639956,-0.717348589750373,-0.316530143872417,-0.779910989953885,0.578695190014675,0.548186477501047,-0.129068387475236,0.21784200738372,-0.272438466676336,0.120621588083938,-0.446567576767399,-0.226842408272101,-0.182505759759299,0.0251319069182599,-0.334082047591586,-0.388475477353493
0.606742274221817,-0.244841247866853,-0.793312332357651,1.45273695268151,1.65685905920151,1.67577064994109,0.607782547799624,0.807767998033644,1.55953832681114,1.26077336358608,0.22663568687731,0.971655113307987,-0.398758386424268,-0.471278155028628,-0.378559125476412,-0.0334180477254336,1.29376243680306
-0.899787769576197,-1.75451079937185,1.46656474211267,-0.490043851986101,0.414117949185282,-0.357440006348132,0.625226256643334,-0.685167515037976,-0.690337919825778,0.98727532993718,1.01209777070779,0.861193994787444,1.23670742180423,1.44577184890352,0.715015197264372,0.231171490539417,-0.221879809226617
0.13393918043842,-0.212078973837773,-1.07076895555346,0.171542311754178,0.871059742048835,0.657553463076612,0.588926813723793,-0.331218592035644,0.29746505593294,1.86562867707623,0.149808427109441,0.497141986469246,-0.667118860279834,-0.269594537260302,-0.464293336511729,-0.664850080360436,-0.330900518887526
-0.294922917640212,0.853059088968713,0.61416143827442,0.141746636882229,-0.0504402776382419,0.552664082383733,0.41153515458127,-0.211036884550196,0.0755052813612493,-0.85157077167675,-0.00726072223058377,-0.675049453971154,0.404132152360236,1.03465430904955,0.320476875019785,-1.41020102990223,-1.81448138786352
-0.550558463573897,-0.797020579260054,-0.759869056194656,0.00766070234002379,0.325737344981599,-0.494616074247003,0.0123478401773755,-0.743773657515698,0.734977155216683,0.0208191463579218,-0.909361320159515,-0.0128408143940413,1.05517889649592,0.635516448208258,1.34511711690026,0.913233078353567,-0.275055138251201
0.960928880047448,0.854231169569007,-0.487760141540064,-0.61948391566309,-0.268592281914276,-0.0111542824875742,-0.106312047409074,0.774837775064637,0.682158365544379,-1.18247761432983,1.12797283797789,-1.04467347629585,-0.7377517989267,-0.190943229515899,-0.5979391943765,-0.855098191690877,-1.65319553025995
0.194762248952591,0.0137487707112231,0.52195766649222,0.691610151223345,-0.224628147977552,-0.337786338570479,0.403272128540498,-0.0975122638654875,-1.3852075159438,-1.41873804177234,-0.919474370240947,-1.19182753970504,0.173647935453961,0.245372007537052,-0.112789986693684,0.328705091255863,0.634778233750869
0.843392304995799,-0.684079446202975,0.306780673284739,0.214202591490638,-0.929576789306863,0.761697593051503,0.771945417960484,-0.557814500476631,0.244864978720852,-1.45906846548169,-0.495058713449147,-1.98059642763015,-1.73434059029954,-1.06991734769193,-0.42993357123653,-1.5201136708387,-1.38515123531792
0.524890589508851,-0.117347594634184,0.143885454502636,0.999677142855248,0.0140818786510797,-0.649686282996505,-0.0352614681292401,-0.676590062510188,0.681122095437945,-0.515479086952897,-0.0465090652806702,0.178570455589753,1.4870003972679,1.26730440618009,1.12235397555991,0.591919478737426,0.761606768437153
-0.540549910828544,-0.142564309018636,-0.606314433265671,0.0615763361665232,0.436500644200133,1.05487985957897,-0.131338037751457,0.238722451099253,-0.379088198941148,-0.0426768187740105,0.740472482450216,1.14994023647397,-0.471112915268749,-0.345296175862883,-0.119299816821669,-1.72774233474675,-1.84779035440753
-0.438294697969681,-0.159132350299648,-0.00322041295087298,-1.67528109798119,-0.0130591092015943,0.116744831909721,0.149095481750499,-0.722927711390044,-1.1026444737632,0.532404122528503,0.307142988268031,0.515974654779359,-1.0553168544874,-0.989832548922759,-0.970829400752405,-0.0397708364790736,-1.42527550350485
0.846566980905814,1.29548765313291,-0.277021150980223,0.796398000981361,0.770801976961261,0.0605246933323968,0.174118439002785,-0.127144227618801,0.796553376735379,0.943672085586074,0.219677514567722,-0.443227438421867,0.616055949787602,0.448682214741388,0.440828154477862,0.432943075142458,1.76905821108702
1.24511013703007,-0.0733872923668109,-1.14576258295173,-0.869606430329679,0.125616249457117,0.058613403633702,0.820829453939435,-0.381260490627457,-1.05119739890663,-0.867449756955101,-0.83522720835228,0.17239842378643,1.08146177840303,0.973459207795764,0.499003390326237,-0.680142273294033,-0.229044509248626
-1.32449402849856,-1.46329524734276,0.704140668560331,0.7220811068945,0.0336347092414936,-0.143961495821058,-0.00441686376847505,0.402001132296572,0.579961885326847,-0.510075663211279,0.840489383583906,-0.118424542710411,0.145891165728938,0.333097185096634,0.121833516646837,-1.58432820037394,-0.684182571633306
0.262516223054897,-0.155312589857821,-0.6160488405193,-0.251138420077056,-1.06493878705631,-1.045176795023,-0.42948977407701,-1.71641440065575,-0.511569427896101,1.43984106245671,0.435237687327496,0.616583812127857,0.178607868501778,0.290190341286843,0.633657214796002,0.846105497015073,0.359728738776563
-1.32238186972564,0.0217142052247178,-0.45699841045506,0.755039768520834,-0.435792186610918,-0.748237800806282,0.138482206808045,-0.0283803255395784,0.552841772075225,-0.67697419366421,0.336507224786409,-0.417017904131591,-0.540660962670428,-0.257839031265879,-0.463590475306355,1.1101469549779,0.865742495126663
1.59516341702799,0.489469903659343,-0.548658704267856,-1.24903412466516,-0.136576233234051,-0.370475182734847,-1.25751444066876,0.0845796390477673,-0.501797656610356,-0.211851172499958,-0.016727437110008,0.440610363892973,-0.220743455091796,-0.482390193687825,0.0173556085964915,0.968452190487424,0.427275651761768
-0.779785446355447,0.686942521853076,0.204115751733203,0.675658379653933,-0.0764578253911738,-0.125312624674108,-0.0100449669198918,0.485448740387852,-0.710219809215753,1.38870309054684,0.791196817904179,0.672193630426784,1.24417430736074,1.55857795394396,0.865576264132379,0.495491832046843,0.974409324956531
1.84582766946942,0.701288353336422,0.993968470272143,-1.57869333303739,-0.211615885016513,-0.789104758861785,0.151850143138209,-0.237456630750486,-0.490306096502932,0.944862939695716,0.236787595615292,0.992307305648715,1.07073735952927,0.89060956253719,0.990029415448586,0.068635617050928,1.08609190023612
0.165520047716238,1.15956939695566,0.687956391126271,-1.30014490227189,-1.09529905973964,-0.338294612145843,-1.3493758044668,-0.598371972848888,-0.0601542831889009,-0.293269328690026,0.347841994273601,-0.637324460028511,0.0537748485915477,0.0462428665922397,-0.155155929375433,-0.431243317118907,-0.715362133270857
0.930284783877647,1.25974269556054,-0.320177217240787,0.732559638762037,0.750149158656901,-0.260032005572785,0.251477660202797,0.836729902133542,0.770440277397857,-0.091659289302758,-0.478326395891065,-0.955416077160824,-1.33843398942006,-0.712758211381087,-1.06893221976453,0.315409297638593,-0.306803077415186
-1.05070805359029,-0.45307743977865,0.512512613420572,-1.92486541375227,-1.58968328540717,-1.28837737014791,-0.481457589709357,-1.16381192497832,-0.593345516797904,-0.256639678667976,-0.57718272784593,-0.00183460110400455,-0.372195186823342,0.125204940187248,-0.733689546620283,-0.126959523607312,-1.73182959330398
-0.504696128233616,1.24304735849476,0.0672074290928262,1.8761467499494,0.700942452412353,-0.0285532450455472,-1.2020324700235,1.38999936435617,0.262782045633219,0.260851166539832,-1.11831172879193,-0.374090665118923,1.7946701465771,1.83375558125505,1.25526296730858,2.81834664847272,3.82244813602873
-1.82826239015332,-0.869890912916339,-0.162295030848269,-0.619700567027759,-0.282702841998324,-0.873719049582078,-1.11110863748384,0.156052256055823,0.868740052227296,0.51098754549362,0.479302207032493,0.376552437079838,-0.271617708606604,-0.0553446758048283,-0.000938196221326321,-0.61215853877671,-2.71056141568875
0.633678077008947,1.28087936173797,0.223889890972654,0.0384149881808772,0.437536733865039,-0.286276620695666,0.711964212463121,0.338691710313096,0.0499285819666234,-0.510443492792948,0.801973081370509,-0.881408675000395,0.34776560379011,0.375104269838271,0.667736137033836,-0.816336560568796,-1.0367955611569
0.178978444511931,0.0851872791435544,0.798153056412754,-0.886381660613767,0.31316554027574,-1.16547290299827,-0.430436583364563,-0.951142606793229,-0.325320110215685,0.167481128153938,0.0191820960818953,-0.133523186328281,-0.135693113864762,-0.348772786184175,-0.260798240449323,-0.0282830022324572,-0.250252448747819
1.1812327112978,0.65345148479543,0.579442605315946,0.713022104454359,0.208161380543289,-0.0779599306205052,0.782306467483923,0.381380279550274,-1.42030779924119,-0.555310958620274,0.145380434614217,-0.540353334390782,1.19811948354299,0.659680390756304,0.104685236880147,-0.366561613109629,1.69091069386411
0.0438455686287716,-0.665044976618091,-0.52727989952149,-1.04394533902121,-0.828019715307983,-0.721066079742297,0.0266948055627337,-0.891829834656158,0.823508561254066,-0.33312354547653,-0.391681235756829,-1.42084710047185,-1.44954560380569,-1.12286724590743,-1.01043918526095,1.69723960263547,-1.26469638365525
0.428607748788902,0.431260270947996,0.255280902316014,-0.106339841174894,-0.55382424622111,-1.16536943718484,0.325210248921378,-0.259816025584887,0.180058576220082,-0.00310241175179574,-0.63974702727862,-0.0338394100356707,0.309540210320774,0.426514919821735,-0.103884573534052,-0.216073253431575,2.45085040401373
-0.750376644110681,0.877638041150329,0.27004266916155,-2.16343942410541,0.127764148728513,-0.803724290703903,0.200679858680742,-0.066680052007654,-0.515164610642346,2.3724109670831,1.67598137385694,1.79661436597183,-1.92929206625833,-1.34480167238165,-0.914623852862123,0.144498700559251,0.0758935862216004
-0.370005137577942,-1.27501639679109,-0.652981240954762,0.405507977050954,0.0929975352329385,-0.28157694152009,-0.151698069569274,0.21066894515594,0.805054446741489,-1.22576073482499,-0.798540468847573,-0.450310530729231,0.649560484284065,0.760277329719777,1.0251728122335,-0.170630942365637,-0.0149370575691347
0.604884908095105,-0.486781377869857,-0.550962016744813,0.958279177794018,0.941339534112234,-0.343799988002638,0.381161332088777,1.05141430266607,0.557510003454895,-2.01651505345866,-0.541147729062217,-0.938730215569906,-0.222701507571354,-0.485933515539344,0.182432005992098,-1.04812352546573,-2.54194563658089
-0.228639123825445,0.135442844264705,0.83999085611981,-0.168515677500566,0.134233846040541,-0.273002087299069,-0.661634048330824,-0.38998608996328,-0.0803647987776998,1.07987063660158,0.506322278776083,0.35159523049548,0.116481166123703,-0.0461944289188331,0.0342093124333054,-0.00448535395721477,0.090463876311837
-0.88200874589804,0.989201650141125,0.823422813837602,-1.31405431549576,0.0593043295384534,-0.112017564643698,1.09814036180829,-0.25792581294636,-0.38881568503681,-0.30726388232672,0.907398866646884,0.0670000123943507,2.02834564241782,1.66304599837905,1.22007574114976,-0.354625030019001,0.199471492404461
-0.786593105229058,0.384081528489616,-0.676370123990453,0.169915995285668,0.467272952455577,0.625595727468372,-0.441690904137125,0.0286325024949704,0.387167906462858,-0.539243761228341,-0.221000272743849,-0.24731117894677,-1.07886178139428,-0.581225279341024,-1.12904723730643,-0.928994930236793,0.0494076183371801
0.639811511702714,-0.152918721269371,1.44128796283134,1.18440347522958,0.444085988689294,1.60040930669479,-0.274635439955742,0.395051318146211,-0.170409993981233,-0.145054621600892,0.149609463330546,0.18595808795022,0.0740152883776522,-0.547099517883714,-0.0246456349401016,-1.10352417655256,0.416369517105557
0.866071144081472,0.145343526080411,0.262580596034373,0.577454562203878,0.143461168747673,0.580532271812627,1.13036961954614,0.0876898925034633,-0.403307465803917,-0.39313688779511,-0.403662251633896,0.634808799759885,-0.227813836277001,-0.395897497247893,-0.0477293637384898,1.17203704493635,2.15664510492903
-1.93288311881036,-1.33416541130537,-0.215513427256293,1.67871974425162,-0.256002453859153,-1.19619933502427,-1.10523391576872,0.668640955376143,0.446571576549362,0.793832360996877,0.948210676501616,-0.312752264414736,-0.0584167290561584,0.548039325847172,-0.298642786021104,0.173651336668028,-1.85496311766946
-0.491024085201081,0.782711624440061,1.24039263089793,0.239739352652982,0.041312294635105,-0.106322614955414,0.47881649835932,0.255631441919593,-0.264195073463133,0.688905325845432,0.41400205604776,0.0849734343545862,-0.00424990480476694,0.423255259829389,-0.397691087493168,0.17655021087416,-0.63092145652736
-1.04098164352656,1.40630696184577,0.9830030774141,0.56160366503458,0.10718636210879,0.676173393618227,1.05540306961613,-0.772279416989417,-0.149351722389743,-1.25484205363689,-0.82766942840366,-0.085324271271761,-1.78567828027332,-0.749929056072523,-0.816332909884103,-1.84889164725554,-2.56164284514514
-0.344272306618312,0.157906544632687,0.61457714710686,-1.03727804994507,-1.59030921542187,0.331663786619157,-0.566684319233563,0.27927820523492,-0.135866774344005,-0.0299252253799834,-0.825970492948703,0.381726248006083,-1.24393659933047,-1.11254987158866,-1.09212746732341,1.0821461569495,-0.949072311131306
0.00792302628698784,0.428541087407499,0.439946093072591,0.171473682252504,-0.873591126113268,-0.605187106611647,-0.0911169822286835,0.379582670187833,-0.315463572518027,-1.83831247981523,-0.994381207764674,-0.870483369026715,0.250947619219037,0.0129105213393358,0.309843117593627,-0.596084128474187,-2.03077379156327
1.50851103453557,-1.02749655191437,0.0275277019852563,0.41234976441697,0.157457836187844,0.616596663618938,0.902929171361249,-0.0359963302558189,0.278641194656697,-0.915232121176237,0.188464649205991,-0.445618074723589,-0.760382911257193,-0.71045881690603,-0.268450632173486,0.690810069021447,0.812547383578435
-0.517804990667901,0.41169320630041,-0.20384349221457,1.37180383518655,0.834604057386608,0.221233498489663,-1.35960174085394,0.805495381677509,-0.0831991594583422,1.78301258641736,0.110736054451968,0.671970207400484,0.407100375028736,0.167193571759245,0.192430998347334,0.453090006333673,1.33437686719417
-0.927364645894153,0.281459532444744,1.04535101712115,-0.05224159268548,-0.567854433310193,0.575432587802789,1.16400411404052,-0.845027828237978,-0.31711756925878,-0.491316021540369,-0.586085150505077,0.73349353925234,0.891526383823014,0.605601969264589,0.970859724179322,-1.61191707101184,0.729871532645663
0.211283768987803,1.2239213647515,-0.329979228070955,0.252348942170398,0.014247089803125,-0.861227234966177,0.230940128169433,0.202156490574113,-0.134168992688936,1.06212834454372,0.823722192798555,0.294769425592811,0.430557211890552,0.186049205599109,0.387144322161138,1.19064032584363,2.26717267287935
1.35024719729315,0.845549834382177,-0.128689211285075,-0.208156817179976,-0.0348664947135801,-0.759483728890565,0.148561640665512,-0.443843040321995,0.010167295325016,0.503704724959314,0.303659416780952,-0.182763114468214,0.568753504191462,0.367379634402712,0.187700692577561,0.595782013676471,0.777308632853312
-1.2497050763177,0.180761826646378,1.1261794817609,-1.45641469838186,-1.09243583885012,-0.350065302257419,0.158052841683512,-1.22705650458509,-0.433566885272539,-0.058921182113763,0.512566534251242,0.20277609552005,-0.914046911778622,-0.0897339320490667,-0.706502682380631,1.52595655953325,1.38480661523301
0.871103691579722,0.403094420281692,-0.700084996280405,-0.918822138045548,0.200730014151838,-0.729990561358993,-0.290586111068059,0.104251003537087,0.64530349291111,-0.0688992500749323,0.0571865084850276,0.111611495813524,1.21391983762657,0.465846903807731,0.511942126647249,0.821885899745474,2.33696030270079
2.27180031541995,0.538461772002417,-0.221727871396216,0.453232121070647,1.67739697258807,0.90515444089368,0.953845950696973,-0.475500398339566,0.579637454318523,-0.668197373134428,-0.26458007693304,0.166337095563596,0.931605241923594,0.674163819146369,0.649984076028388,0.143346083809667,-0.188039337079831
-0.897382614180005,-0.871884592966478,0.909553631077906,0.49095575916257,0.73845648165078,0.970379687713245,-0.989120930867517,-0.211580381859139,1.6764516708451,-0.654425551776223,-0.549433118013762,-0.179527165636582,-0.290839630447891,0.0762599153957527,-0.403469023512825,0.110201585926016,-0.784471497485826
0.0163520020879495,0.456729232543591,-0.692011967749573,-0.117087956817494,0.0808206363378902,-0.698579077225728,-0.30390377204325,-0.513014767212601,-0.499035875978466,-0.501324632618097,-0.116787144078427,-0.548426248575603,1.38904930632291,0.472772876844602,0.616073788873321,-0.238048111964557,0.653111632178119
1.06563886427549,0.485791618091085,-0.472022743103834,-0.298008878728247,0.466939752840541,0.975110792494887,0.658222377846796,-0.640134586950921,0.536937228677686,0.625510659142078,0.504053109201292,-0.154250119190104,0.39796121332296,0.179424398228801,0.285471220649982,0.153425548266058,-0.426645881190819
-0.254364641439736,-0.604302203272017,-0.209800667278626,-2.02415479931458,-2.16582495949681,-0.984998899522299,-1.08852640220979,-1.13854173521273,-1.32987281690967,-0.662580109452561,-0.00477755023691384,-0.261597655793995,-0.663957312299497,-0.110700107129392,-0.292421010472165,-1.2313590902307,-4.0748864438769
-0.909960859295218,0.257989848076494,-0.154136294256333,-1.05821913688588,-1.39520177505241,-0.175885191523725,-0.274496431912263,-0.590010940529673,-0.500540122832272,0.0326481491087085,-0.659403207312368,-0.539885426120492,-0.868553631634835,-0.619055415991573,-0.200504328578343,-0.531710514004196,-1.38393842675517
-0.801195066666318,1.10270230615153,0.160779137637679,-1.00627783938579,-0.05012513226122,0.0726672295598065,-0.763341620287417,-0.831272977253454,-0.740353789043648,-0.465320355031424,-0.297719429466972,0.122873586731366,-0.039137427504697,-0.128250761109234,0.118162826749268,1.03089344170566,-0.141498159725306
-1.0081751722552,0.323343017888939,0.752874331625649,-0.769652399854058,-0.781808243257575,-0.421561564995569,-0.620198617614144,-0.161135043162129,-1.70566003946832,1.48891613832303,0.717601019653586,1.04868952207015,-0.462202643448272,-0.437193801070251,-0.173777149985039,-0.452456699946935,-0.252953322348723
-2.49818200436118,-2.12562987829911,-1.89650374918101,1.06307135248643,-0.0170825361000094,-0.0348324440268597,-0.276784816664677,-0.254434529890221,0.412750326747579,-1.62349385314,-0.800116911483362,-1.12158769814966,-0.00108725426057704,-0.0102758684104984,0.0324845318220708,-0.663405065067641,-1.93682185213797
0.394256844383316,-0.425107110721114,-0.436640842201301,0.751426696503111,0.0162941059663784,0.00714306875478912,-0.410021476726365,-0.713682488381277,0.848540283544567,0.180007507851158,0.289056254765919,0.919096709165994,-0.0457056853952608,0.0699775044072101,-0.147790267872313,0.931165901760873,2.61899342616037
-1.15896546940198,-0.416390654053097,0.13708631561152,-3.35054500296374,-1.10153405172234,-1.53245114389362,-0.762675987034562,-0.872777949642375,-0.643801380350886,-0.239380624488689,0.595685618493341,-0.242337351850428,0.229788594275635,0.209947108933865,0.12093245435948,-0.169751786833494,-2.33744091629139
1.47470078907236,0.0354231849553882,0.935892347708983,-1.50714078040857,-0.481454118687836,0.98778965762902,0.0338501067728175,-0.00320811026742285,-0.368458091204881,-1.48818912178416,-0.501069563121635,-0.952563464279993,0.970341071567652,0.7271992019605,0.397047932756996,-0.238199133761264,0.598721245520976
-0.453863442978912,-0.375902039864691,-0.27678720546185,-1.08727611855942,0.168106301561056,0.11040867920981,1.10679853642895,-0.686669095937681,-0.536502455643972,-0.997211110803919,0.317701820501005,-0.620465850715876,0.0655792417912373,-0.399069132725674,0.176456664592682,-1.8980998369035,-3.21258942682777
-1.97344038633897,-1.26126137899464,0.518170735827619,-1.49156174626096,-0.364040977105047,-1.95169317379234,0.350627994201607,-0.610529218595881,-1.84061041052725,1.20346189016996,0.90419714415142,1.66236746162444,2.74740515931829,2.05951713017306,2.06927904852642,1.66561420721895,2.99528462464926
0.562066641210577,-1.21434166338421,0.103399888012999,1.43369364915215,-0.542545097601255,-0.116172151314325,-0.431083729674099,0.49688235005993,0.713341391136105,0.744516201098316,0.162123206967757,0.339258897380927,-0.757183396875833,-0.684132322786958,-0.187914539819864,0.47175158209775,2.70853562199293
-0.189137804282321,0.314752929575595,0.416903126752782,-1.37401616737627,-0.919601385686799,-0.730468979243695,-0.0863026550523821,-0.999302867409684,-0.495826040617314,-1.54861873772584,-1.0617124806809,0.579308406689355,-0.825510535315085,-0.727006181567491,-0.266112563740984,0.693997027489913,-0.720038991343204
-0.732389800620409,0.225561610008822,0.0628339674359642,0.306015442223695,0.270089328891818,0.472897953229044,0.478716278089339,0.367463259336004,0.248809943379415,1.79508172390142,1.22561989923893,1.17309754595059,-0.450788426736144,-0.362132885351378,-0.0353241566368856,-0.0146367016713372,1.42603826453624
0.17862899189066,0.338667298718412,-0.492920826195115,-0.90362786189501,-0.353530181640938,0.0508030595397109,0.148755575154776,-0.920440014708547,-0.332132970379425,-1.21844415890007,-0.449792865499872,0.559585115590152,2.02572937253155,1.73282675346376,0.899745983051227,-0.146224269901054,1.08605357955853
1.14984522151775,0.866657956858349,-0.273613813081212,-0.276647366761502,-1.09767929157049,-0.12611710427597,-1.27752412844465,-0.0574397242026728,-0.190338041305624,0.734638324518125,0.352320850598924,-0.729375267787524,0.0503350375194218,-0.222003942813262,-0.110528716824036,0.1629543399626,0.905627185087275
-0.0925243940127734,-0.0207706057356853,-0.848513095670257,-0.305445515338838,-0.237042885373187,-0.342755255619663,0.259519795666185,0.668636229925932,-0.0940316963615935,0.568285794016575,1.2690963823254,0.124788691833399,-0.116878887739689,-0.263199257031712,0.256241459218668,0.195339404867397,0.701551892489323
0.727753238192618,0.873362742627435,0.436945732735925,0.205983154163905,0.314606946639051,-0.582975255952766,-0.224444947440742,-0.486519560451425,0.209287053247307,-0.553882258403315,-0.920170545328513,0.148523627122606,0.61021922029966,0.264327858700384,0.0995660550415439,-1.08345635316808,-0.245370661043983
-2.20820105537401,0.890338855374329,-0.148931909486469,-0.848289521850605,0.0990034583724214,0.0699244691942357,0.372662378598437,-0.108891743855693,-0.150187656963287,1.39546040670087,0.734395130740044,0.865816544097255,1.23626041458684,0.638478469273108,0.690339215139578,1.05781190529728,1.71567869212323
0.045634142371802,-0.160569777111461,-0.585665673376174,-0.345901266797455,0.86785006422374,1.12879399529851,0.77350739022347,-0.0267707855206409,-1.08277661619668,-1.78075498567928,-0.0163976488721651,-0.724821801214571,-1.31272056270795,-0.720451673760442,-0.702602173004021,-0.0716332942459303,-1.07696101961378
-0.922456267171238,0.191281395737989,-0.425778963164715,1.1729715912469,0.137543507279162,-0.795889553955006,-0.0275109141669115,0.404933668264637,0.341785970618737,-0.496750829133689,0.406166840981619,-0.459085446774916,-1.00358415383414,-0.59406577152158,-0.834751674425721,0.0869373184091468,-0.725517243061369
1.36722246366809,0.983911791011993,0.998575205765899,-0.868606515089776,-0.806103363914034,-0.232395203769042,-0.256540757528971,0.290626888849321,-1.38615793785761,0.459024695595638,-0.175281832177071,1.30830167433605,0.6742820306229,0.571876314917488,0.626331295933394,0.667890375760418,-0.146788702274609
0.818721153117934,0.804072843771326,0.0827426265496046,1.04752763352111,0.373754082853991,0.236929147420396,-0.638085307156781,0.172002287204313,0.0403116928489048,-0.122336325807698,-0.177389096119431,-1.04042467923517,-0.884141539389897,-0.817070175199797,-0.346697307649516,-1.15170156908844,-0.803980499465866
-1.30183702214682,-0.478322551864561,-0.0769364326695372,1.98339146216559,0.181333932331189,-0.887730927186401,0.14592010583314,-0.0778245558667634,1.81773833071954,0.100575295456213,-0.257209847555515,0.219054032001097,-0.562507937736234,-0.504341202641117,-0.61925166313563,0.419405126958362,-0.344204039307004
0.461365557123314,-0.688069065340324,-0.421311612469364,-1.24837246770898,0.305802848983569,-0.0859687546998668,-0.450247895031541,-0.715666743935072,0.0320173830296121,-0.788944576175618,-0.607649350137154,-0.264915226912542,0.967577100697795,0.476120308050942,0.340964743014107,-0.839260076616507,-0.151286481573694
0.367291087528895,-0.133990448975022,0.146892714304291,0.75874080430281,-0.272825772286841,-0.698802925182524,-0.210657327343897,-0.982326003881534,0.789385535054801,-1.72858293575781,-1.06114854450678,-1.36302386397191,0.777661062191484,0.594488515689455,0.737979850211376,-1.2676067914223,-0.791513728247315
-1.56462867323198,-0.193918074846726,0.118673980642881,-1.16500818019742,-1.72934369572501,0.216535890406556,0.269033264506009,-0.484743948169474,-0.361372461582691,1.93493737517624,0.466752224261857,0.472228523188784,-0.558400949087273,-0.51509169827623,-0.611461908933404,-0.0680804911531447,-0.202203613869937
-0.401159638649309,1.05314660267954,0.628530951272788,-0.00330575161265283,-0.0322872485621028,0.514504057472494,1.52375288479125,-0.00626596605515464,0.940528211728156,-0.463596906171825,-0.364132820217733,-1.04013764234713,1.31940403098387,0.814647585480212,0.997521195488412,-0.638117944099393,-0.881438560636395
-0.179411465107818,-0.781831061127335,-0.908788456863625,-1.42239276581445,0.13642174867005,-0.0595015464884188,-0.754508779979521,-0.134441207719002,-0.929467496511865,-0.650948608164805,-0.558307334773473,-0.853270221534102,0.597737520552799,-0.0113607449824316,0.733142355320356,0.806081023291384,0.404702866098062
0.341200266570849,0.320245774705144,0.294620890537367,-0.328005295723172,0.105539441879126,-1.48423471188271,-0.778252329859583,-0.193506447205054,-0.0199537886185763,-0.381955643578039,0.992619704886001,-0.402116484154617,0.671361284523539,0.616095472070481,0.453008683321584,1.32654289752474,0.72373726841875
