SampleNo.,Q1,Q2,Q3,Q4,Q5,Q6,Q7,Q8,Q9,Q10,Q11,Q12,Q13,Q14,Q15,Q16,Q17,Q18,Q19,Q20,Q21,Q22
1,4,4,4,4,4,4,4,2,2,3,2,2,1,2,1,1,1,1,4,4,2,2
2,2,2,4,3,3,3,4,2,2,4,1,2,2,2,2,4,2,2,4,3,2,2
3,5,2,5,5,4,4,4,2,1,1,1,1,4,2,1,1,2,1,5,5,2,2
4,2,4,3,4,4,3,4,2,3,3,1,3,2,1,1,1,2,2,4,4,2,2
5,3,3,3,4,4,3,5,2,2,3,1,1,1,1,1,3,3,3,3,3,3,3
6,1,1,1,1,4,2,2,1,1,2,1,1,1,1,1,1,2,2,2,2,3,1
7,4,4,4,3,4,3,3,3,3,2,2,4,4,4,3,2,3,2,3,3,2,2
8,2,3,2,3,3,2,4,2,2,4,1,4,2,2,2,2,3,3,4,3,3,4
9,3,4,3,4,3,3,4,2,2,2,1,2,2,2,4,1,4,4,2,2,2,2
10,3,3,3,3,3,3,3,3,3,3,3,3,3,3,3,3,3,3,3,3,3,3
11,4,3,3,3,3,4,4,1,2,2,2,2,2,2,1,1,2,2,2,2,2,2
12,4,3,3,4,3,4,4,2,3,4,1,2,1,1,2,1,3,3,3,4,2,2
13,3,3,3,3,3,3,3,3,3,3,3,3,3,3,3,3,3,3,3,3,3,3
14,3,3,4,3,3,3,3,2,2,3,1,1,3,3,2,1,2,2,3,3,3,2
15,3,3,4,3,4,3,3,2,2,4,2,4,2,1,1,1,3,2,4,4,3,3
16,3,3,3,3,4,3,4,3,3,3,3,4,3,2,3,3,3,3,3,3,3,3
17,4,4,4,5,4,1,4,1,1,2,1,2,2,1,2,1,2,2,5,5,2,2
18,2,3,4,3,3,3,4,2,3,3,1,2,2,2,1,1,2,2,2,2,2,2
19,3,3,4,4,3,3,4,2,2,2,1,2,3,2,2,4,4,4,2,3,4,4
20,3,4,4,3,3,3,3,3,3,3,3,4,3,2,2,2,3,3,3,3,2,2
21,3,5,3,4,4,3,4,3,2,5,1,3,3,3,3,1,3,3,2,2,3,3
22,2,3,3,3,4,3,3,3,3,4,3,3,3,2,3,2,3,2,3,4,3,2
23,3,3,3,3,3,3,3,3,3,3,2,3,3,3,3,3,3,2,3,3,3,3
24,4,3,4,4,4,3,5,1,1,4,1,3,2,1,1,1,1,1,5,4,1,1
25,4,4,4,3,3,3,4,3,3,3,1,3,3,2,3,3,2,2,3,3,3,3
26,2,2,2,2,2,3,4,2,2,3,2,2,2,2,2,2,3,3,2,2,3,3
27,4,3,4,3,3,1,2,2,3,1,4,3,2,2,2,1,3,4,2,4,3,2
28,3,4,3,4,4,4,4,4,4,4,4,5,4,4,4,3,5,5,4,4,4,4
29,5,5,5,5,5,5,5,1,1,3,1,2,2,1,1,2,1,1,5,4,3,1
30,2,3,2,3,4,2,4,2,1,3,1,2,2,1,1,1,2,1,4,4,2,5
31,3,3,4,4,3,3,4,2,2,4,2,3,2,2,2,2,3,2,3,4,2,2
32,4,4,4,4,4,3,4,3,3,3,2,4,3,2,3,4,3,3,4,4,2,2
33,2,3,2,3,2,2,2,3,3,3,3,4,3,2,2,2,4,3,4,3,3,4
34,2,2,2,4,3,3,4,2,2,2,2,2,2,2,2,2,3,2,4,4,2,2
35,3,4,4,3,3,3,4,3,3,3,2,3,3,3,2,3,3,3,3,3,3,3
36,1,2,2,2,2,3,3,3,3,3,4,4,4,4,4,4,4,4,4,4,4,4
37,3,3,3,3,3,3,3,3,3,5,3,3,3,3,3,3,3,3,3,3,3,3
38,3,4,4,4,4,3,4,3,4,3,2,3,1,1,1,1,3,1,4,4,3,2
39,3,4,4,4,4,4,4,2,2,3,2,2,3,2,2,2,3,2,4,4,2,3
40,4,4,4,4,4,3,5,3,2,5,2,4,4,3,2,2,2,2,4,4,2,2
41,2,3,4,3,4,4,4,2,2,3,1,1,1,1,1,2,2,2,4,4,3,3
42,5,2,4,3,4,4,4,1,2,3,1,1,1,1,1,1,1,1,5,5,1,1
43,1,4,4,2,2,2,2,4,3,5,3,3,3,3,1,2,4,2,3,3,2,2
44,4,3,3,3,3,3,3,3,4,3,2,2,3,3,2,3,2,3,3,3,2,2
45,1,2,1,2,2,1,2,3,2,1,3,5,3,3,4,4,5,5,1,1,5,5
46,3,3,4,3,3,3,3,2,2,3,2,3,1,1,1,2,2,2,3,3,3,2
47,3,3,2,3,4,3,3,3,3,4,3,2,3,2,3,2,2,4,3,3,4,4
48,3,2,4,4,3,4,4,1,1,3,1,1,1,1,1,1,1,1,3,2,1,1
49,4,4,3,4,3,3,3,3,3,4,2,2,3,3,2,2,3,4,4,4,2,3
50,2,3,2,2,3,3,2,4,4,4,4,4,4,4,3,4,4,4,2,2,3,4
51,2,3,4,3,3,2,3,3,4,3,3,4,4,4,2,3,1,3,3,3,4,2
52,2,4,4,4,4,3,2,3,2,3,4,4,3,2,1,2,4,4,3,3,4,3
53,2,2,2,2,2,2,2,4,4,3,4,4,4,3,4,3,4,5,2,2,4,4
54,4,5,4,5,5,5,4,1,1,1,1,2,2,1,2,1,2,1,5,5,3,1
55,4,4,4,3,4,3,4,2,2,4,1,2,2,2,2,1,1,1,4,4,2,2
56,2,5,3,2,4,3,2,1,2,2,2,4,4,4,3,2,4,4,2,2,3,3
57,2,3,2,4,3,3,4,2,2,3,1,3,2,1,1,2,2,2,2,3,2,1
58,3,4,1,3,4,2,2,4,4,2,5,3,5,5,5,4,5,5,1,1,4,4
59,2,3,4,4,3,2,2,4,3,4,4,3,2,4,4,3,4,4,3,3,4,2
60,3,4,2,2,4,2,4,3,3,4,3,5,5,5,4,4,4,4,3,4,2,2
61,4,4,4,4,3,3,3,3,2,4,2,3,3,3,2,4,4,4,2,4,2,2
62,4,4,4,3,4,3,4,4,3,4,4,4,4,3,2,2,3,4,3,4,3,3
63,3,4,3,3,4,3,3,3,3,2,2,2,2,2,2,2,3,2,2,2,1,1
64,5,3,4,1,1,1,1,5,5,3,5,5,5,5,5,5,5,5,1,1,5,5
65,2,3,4,2,3,3,5,1,2,3,1,2,2,2,2,1,1,1,2,2,1,1
66,4,3,5,3,4,4,4,2,2,5,2,4,3,3,2,2,3,3,4,4,2,3
67,3,2,4,5,3,4,5,1,1,2,1,1,2,1,1,1,1,1,4,4,1,3
68,4,4,4,4,4,4,4,3,2,2,2,2,2,2,2,2,2,2,4,4,4,2
69,3,4,4,2,4,1,5,4,4,3,2,2,2,2,1,2,1,1,5,4,1,2
70,1,4,3,1,3,1,2,5,4,5,4,5,5,5,4,3,4,5,2,2,5,2
71,3,5,4,3,3,3,3,3,4,4,3,2,2,3,2,3,4,4,2,2,4,4
72,3,3,3,4,2,2,3,3,2,2,2,3,3,2,1,1,3,2,4,3,2,3
73,2,3,2,3,3,3,2,3,3,4,4,3,4,3,3,2,4,4,2,2,3,4
74,4,4,4,4,2,2,4,2,2,4,1,2,1,1,2,1,4,2,4,4,3,2
75,1,4,1,1,1,1,1,3,5,4,5,4,4,2,2,4,4,4,4,2,4,4
76,2,3,4,3,4,3,3,2,2,4,3,4,3,2,2,1,2,2,2,2,4,4
77,4,5,5,3,5,4,4,1,1,1,2,3,2,1,1,1,1,1,5,4,1,1
78,5,4,4,3,4,3,4,3,2,3,1,1,2,2,2,1,1,2,5,5,2,1
79,3,3,4,3,3,4,5,1,1,4,1,1,1,1,1,1,1,1,5,5,1,2
80,5,4,5,4,4,5,5,2,1,3,1,1,1,1,1,1,1,1,5,5,1,1
81,2,3,4,3,3,3,4,3,1,4,4,2,4,2,2,3,2,2,4,3,2,2
82,4,3,4,3,4,3,4,2,1,3,1,3,2,1,1,1,1,1,1,4,1,3
83,1,4,3,3,3,3,2,4,3,3,4,4,4,4,4,4,5,4,2,2,4,4
84,4,3,5,4,4,3,4,3,1,1,1,4,1,1,1,1,2,2,3,3,3,2
85,4,4,4,4,4,4,4,2,2,4,2,2,2,1,1,1,1,1,4,4,2,2
86,5,5,4,2,5,4,2,2,4,3,2,5,4,2,1,1,5,5,4,4,4,5
87,4,4,4,3,4,4,3,4,4,4,4,4,2,2,3,1,2,2,2,3,3,3
88,3,4,2,4,4,2,2,2,2,3,3,4,3,4,3,4,5,5,2,2,4,3
89,4,4,4,4,4,4,4,2,2,3,2,2,2,2,2,2,4,2,2,4,2,4
90,1,3,3,3,3,3,3,3,3,3,3,3,3,3,3,3,5,3,1,1,3,3
91,4,4,5,4,4,3,4,1,1,2,1,1,2,1,1,1,2,1,3,4,2,2
92,2,3,3,4,3,2,4,2,2,3,2,3,3,2,2,2,3,3,3,3,2,3
93,3,3,3,3,3,3,3,3,3,3,3,3,3,3,3,4,2,3,2,2,4,3
94,4,4,4,3,5,3,2,3,2,3,2,3,2,2,3,1,3,3,2,3,3,2
95,3,3,3,3,3,3,3,2,2,3,2,3,3,2,3,2,2,2,3,3,2,2
96,3,4,3,3,4,4,3,2,3,4,2,2,2,2,3,2,3,4,3,3,2,4
97,2,3,3,3,3,3,3,3,3,3,3,3,3,3,3,3,4,4,2,2,3,3
98,3,4,3,4,3,3,4,3,2,2,2,3,3,2,3,2,2,2,5,3,3,2
99,1,5,4,3,3,3,3,2,1,3,4,2,3,1,2,1,4,4,1,1,3,3
100,1,4,2,3,5,3,3,2,2,3,1,1,1,1,1,1,2,3,1,1,3,4
101,4,5,4,3,4,3,5,2,2,5,1,2,4,3,3,2,1,1,5,5,2,2
102,4,3,4,4,4,3,4,1,1,3,1,2,2,3,1,1,2,1,2,4,1,1
103,4,3,4,4,5,5,5,1,2,2,1,2,2,1,1,1,1,1,5,4,2,1
104,3,3,4,3,3,3,4,3,3,4,2,4,4,2,3,3,3,3,3,4,3,3
105,3,4,4,4,4,3,4,3,3,2,2,3,2,2,3,3,4,3,2,2,3,3
106,4,5,4,3,3,4,4,2,2,3,2,2,2,2,1,2,3,3,2,2,4,4
107,4,4,4,4,4,4,4,1,2,4,1,1,1,1,1,1,3,3,4,4,2,4
108,5,4,4,4,3,3,5,1,1,1,1,1,1,1,1,1,1,1,3,3,1,1
109,3,4,4,4,4,4,4,3,3,4,2,1,3,3,2,2,2,2,2,2,3,3
110,4,4,4,4,4,4,3,3,3,3,3,3,3,3,3,3,3,3,3,3,3,3
111,4,4,3,4,3,4,3,4,3,4,2,2,2,2,2,1,2,2,4,3,2,2
112,2,4,3,3,2,2,3,4,1,4,4,3,3,3,3,4,3,2,2,4,4,3
113,3,3,4,4,4,3,4,2,2,3,1,1,1,1,1,1,3,2,4,4,3,2
114,1,3,2,2,2,2,2,2,2,3,3,2,2,3,2,2,4,4,2,2,3,5
115,2,3,3,3,3,3,2,2,3,3,3,3,3,3,1,3,2,2,4,4,3,4
116,2,4,4,2,4,3,5,2,2,3,1,2,3,2,2,2,4,3,2,4,2,3
117,2,3,4,4,3,3,3,2,2,3,2,2,3,2,2,2,2,2,3,2,4,3
118,3,2,4,3,2,3,3,4,3,2,2,2,3,2,1,3,3,2,1,2,3,5
119,3,3,3,4,3,3,3,3,2,4,3,3,3,3,3,3,3,2,3,3,3,3
120,4,4,4,4,4,3,3,2,2,3,2,2,2,2,2,2,2,2,3,3,2,2
121,3,3,3,4,3,3,3,4,4,4,4,5,4,4,3,4,4,4,3,3,4,4
122,3,3,4,3,3,3,3,3,3,3,3,3,3,3,3,3,3,3,3,4,3,3
123,2,4,2,4,4,4,4,3,3,4,2,3,2,2,2,2,2,2,3,4,2,3
124,3,4,3,3,3,3,3,3,2,4,2,4,3,3,2,2,4,2,3,3,3,3
125,4,4,4,3,4,4,4,2,3,3,1,1,2,1,1,1,2,2,3,3,2,2
126,4,4,5,5,4,4,4,2,2,3,2,2,2,1,1,1,2,3,1,2,3,2
127,4,4,4,3,4,4,4,1,1,1,1,1,1,1,1,1,1,1,4,4,1,1
128,4,4,4,4,3,3,3,3,3,3,2,3,1,1,1,1,4,3,1,2,3,2
129,2,4,3,3,3,3,3,2,2,3,2,2,3,3,1,2,4,2,2,3,3,4
130,3,4,3,4,4,3,3,2,3,2,2,2,2,2,2,2,4,4,4,3,3,3
131,1,2,2,3,3,2,2,2,3,4,2,4,3,3,2,3,5,4,1,1,3,5
132,2,4,2,2,2,1,2,4,3,5,4,4,4,4,3,3,4,4,1,2,4,4
133,3,3,3,4,4,3,4,2,2,3,2,2,2,2,2,2,2,2,3,3,3,3
134,3,3,3,3,3,3,4,2,3,3,3,3,3,3,3,3,3,3,2,2,3,3
135,2,2,4,2,2,2,2,3,5,5,2,5,4,2,2,3,5,5,1,1,5,5
136,4,4,5,4,4,4,5,3,2,3,2,2,3,2,2,2,1,2,5,4,2,2
137,4,4,4,3,3,3,4,2,2,4,3,3,3,2,2,3,2,2,2,2,2,2
138,1,4,2,2,2,2,2,4,4,3,3,3,3,3,3,4,4,4,2,3,3,4
139,3,3,4,4,3,3,2,4,3,3,3,4,3,3,3,2,2,2,4,3,3,3
140,2,3,3,3,3,4,3,3,4,3,2,3,3,3,2,2,4,4,5,5,2,2
141,3,3,3,3,3,3,3,2,3,3,2,2,3,3,3,3,2,3,4,4,3,4
142,4,4,4,4,4,4,4,4,3,4,2,2,3,2,2,2,3,3,4,3,3,3
143,4,4,4,3,3,3,4,2,2,3,3,2,2,1,1,1,2,2,4,4,2,2
144,4,4,4,4,4,4,4,4,4,4,4,4,4,4,4,4,4,4,4,4,4,4
145,4,3,4,4,4,3,4,1,1,1,1,1,1,1,1,1,2,2,4,5,3,2
146,4,2,2,4,3,2,3,2,3,4,2,1,2,1,1,1,4,2,4,4,3,2
147,4,4,4,3,3,3,3,3,3,3,3,2,3,3,2,2,3,3,4,4,3,2
148,4,3,4,4,4,3,4,3,2,3,1,2,2,2,1,2,2,3,2,2,2,2
149,3,3,3,4,4,4,4,2,2,2,1,1,1,1,1,1,2,2,3,4,3,2
150,2,3,4,3,3,3,3,3,2,3,3,4,3,2,3,3,4,4,3,3,4,4
151,2,3,3,2,2,2,2,4,4,5,4,5,4,4,3,4,3,3,2,2,4,3
152,1,1,2,2,1,1,1,5,4,5,5,5,4,4,3,4,5,5,2,1,5,5
153,4,4,5,3,4,3,4,4,4,3,3,5,4,4,3,3,2,3,3,3,3,3
154,3,4,4,3,3,3,3,4,4,4,4,4,4,3,2,4,4,3,3,4,4,3
155,4,4,3,4,2,2,4,2,3,3,2,2,2,2,2,2,2,2,2,2,2,3
156,1,4,2,4,3,2,2,4,4,4,3,5,5,4,4,4,5,5,3,3,4,3
157,1,4,4,2,2,1,1,4,4,4,4,4,4,2,2,2,4,4,2,2,4,4
158,1,5,4,3,4,3,3,3,4,3,4,4,3,3,3,3,5,5,4,5,4,4
159,3,4,4,4,4,4,4,3,3,3,3,3,3,2,3,3,2,2,4,4,3,3
160,3,2,4,4,3,3,3,2,2,2,2,3,2,2,2,1,3,2,2,2,2,2
161,4,4,4,3,4,4,4,2,2,4,2,4,2,2,2,2,2,2,5,5,2,2
162,3,4,4,4,4,3,4,3,3,3,3,3,3,3,3,3,4,3,3,3,3,3
163,2,4,4,3,3,3,3,4,3,4,2,2,2,2,2,2,3,3,3,3,2,3
164,3,3,3,3,3,3,3,3,3,3,3,3,3,3,3,3,3,3,3,3,3,3
165,4,4,4,4,4,3,3,2,2,3,2,2,3,3,3,2,2,2,2,2,3,2
166,1,1,1,1,2,3,1,4,3,3,3,3,5,5,5,3,3,3,1,1,3,3
167,4,4,4,4,4,4,4,3,2,4,3,3,2,3,2,2,2,3,2,3,3,3
168,4,4,4,4,4,4,4,2,2,2,1,2,2,2,1,2,4,4,3,3,2,3
169,3,4,4,3,3,3,4,2,2,3,2,2,3,3,3,2,3,2,4,3,3,2
170,4,3,4,4,3,3,4,2,2,4,2,2,2,2,2,2,2,2,4,4,3,3
171,3,4,3,3,2,3,3,2,3,2,2,2,3,3,3,3,3,2,3,3,2,3
172,5,1,5,3,4,1,5,1,3,1,1,4,2,3,1,1,1,1,2,5,1,1
173,2,5,4,2,4,4,5,1,2,4,2,1,1,1,1,1,1,1,1,5,1,4
174,4,4,4,4,4,4,4,2,2,4,2,3,2,2,1,1,2,2,4,4,2,2
175,2,3,4,4,3,2,4,4,4,3,1,3,3,2,3,2,3,3,4,4,4,3
176,3,3,4,3,4,2,4,1,3,3,2,3,4,3,2,1,3,3,5,3,1,3
177,4,4,4,4,4,4,5,2,2,3,1,2,3,2,2,1,2,2,5,5,1,2
178,3,3,3,3,3,3,4,2,2,2,1,1,1,1,1,1,4,2,3,3,3,4
179,1,4,5,1,4,2,3,3,2,1,1,5,3,3,1,1,3,3,1,4,5,3
180,3,4,3,3,4,4,3,3,3,4,2,3,2,2,2,2,4,4,2,2,4,4
181,5,3,4,4,4,4,4,1,2,4,1,1,1,2,1,1,2,1,4,4,2,2
182,3,4,4,3,3,3,4,2,2,3,3,4,2,2,2,1,2,2,4,4,2,2
183,3,3,4,3,3,3,4,2,3,4,2,2,2,2,1,1,3,3,3,3,3,3
184,2,3,4,1,2,3,4,2,3,2,2,2,2,1,1,1,4,4,2,4,4,2
185,2,2,4,4,4,4,4,2,3,3,2,2,4,2,2,2,3,3,3,3,2,4
186,3,2,3,2,4,3,4,2,2,2,1,4,2,1,1,1,2,2,4,3,3,3
187,4,4,4,4,4,4,4,4,4,4,1,1,1,1,1,1,1,1,1,1,3,1
188,3,3,3,3,3,3,3,3,3,3,3,3,3,3,3,3,3,3,3,3,4,4
189,2,3,2,2,3,2,3,3,2,3,2,3,3,2,4,2,1,2,3,3,3,2
190,4,5,4,3,4,4,5,1,1,5,1,3,1,1,1,1,1,1,5,5,1,1
191,2,2,1,2,2,2,2,3,3,3,3,3,2,3,3,3,3,3,3,3,3,3
192,4,4,4,4,4,4,4,2,4,4,2,3,4,2,3,2,2,2,4,4,3,2
193,4,4,4,3,4,3,4,1,3,2,1,2,2,2,2,2,3,3,5,4,2,2
194,3,3,3,3,3,3,3,1,1,3,1,1,1,1,1,1,4,1,4,4,2,1
195,1,1,3,2,3,4,4,4,2,2,2,3,3,3,3,3,4,4,3,3,4,3
196,4,3,4,4,4,4,4,2,3,3,2,2,2,2,2,2,2,2,2,2,2,2
197,4,3,4,3,3,3,4,2,2,4,2,2,2,1,1,1,3,2,2,3,3,3
198,3,3,4,2,4,2,3,3,4,1,2,2,2,2,1,1,4,2,1,5,5,3
199,4,4,4,3,4,4,4,2,2,3,2,4,3,2,2,1,2,2,4,4,3,2
200,3,2,4,2,2,3,4,2,3,5,1,2,1,3,2,1,3,2,5,5,3,3
201,4,4,4,4,4,4,4,2,2,4,2,2,2,2,2,1,1,1,4,4,1,1
202,4,3,3,4,4,3,4,1,1,2,1,1,1,1,1,1,3,4,4,4,3,3
203,3,4,4,3,3,3,4,3,2,3,2,3,3,2,2,2,4,3,3,3,3,3
204,4,4,4,4,4,4,4,2,2,2,2,2,2,2,2,2,2,2,4,4,2,2
205,2,2,3,2,2,3,3,3,3,3,2,3,2,2,2,2,3,2,3,3,3,3
206,4,3,4,4,3,3,4,3,3,3,2,2,2,1,1,1,2,3,4,3,2,2
207,2,2,3,2,2,2,3,2,2,2,2,3,3,3,2,2,2,3,3,3,3,2
208,5,5,5,5,5,5,5,3,3,3,1,1,1,1,1,1,1,1,5,5,1,1
209,4,4,4,4,4,4,4,2,2,3,1,1,2,2,1,1,1,3,5,5,3,2
210,4,4,2,3,3,3,4,2,3,2,2,2,3,2,2,2,4,2,3,4,2,3
211,3,3,4,2,3,3,3,2,2,3,1,2,3,2,1,2,4,3,4,4,2,2
212,3,3,3,3,3,2,4,4,3,3,3,3,3,3,4,3,3,3,3,3,3,3
213,4,3,4,4,4,3,3,1,3,3,2,3,2,2,1,2,2,2,4,4,2,3
214,2,4,3,2,2,3,3,4,4,3,4,4,3,3,3,3,3,3,3,3,3,3
215,4,4,4,4,4,4,4,4,4,4,2,2,2,2,2,2,2,2,4,4,2,2
216,4,4,4,3,3,2,3,2,1,4,1,2,2,1,1,1,3,4,4,4,4,4
217,4,3,4,4,4,4,4,3,2,4,1,1,2,1,1,1,4,3,4,4,1,2
218,4,4,3,3,3,4,4,2,2,1,2,4,2,2,1,2,5,5,4,2,3,4
219,3,3,2,3,3,3,4,3,3,4,2,3,2,3,2,2,2,3,4,4,3,2
220,4,4,4,4,4,4,4,2,2,3,2,2,3,2,2,2,2,2,4,4,2,2
221,3,2,3,4,4,3,3,2,2,3,2,2,2,2,2,2,4,3,1,2,3,4
222,4,2,4,4,4,4,4,2,3,4,4,3,3,2,3,3,4,2,4,4,2,2
223,4,4,4,5,4,2,5,3,1,3,1,1,1,1,1,1,2,1,4,4,2,5
224,4,3,4,4,4,4,4,2,3,3,2,3,3,2,2,2,2,2,2,2,2,2
225,4,4,4,4,4,4,5,2,4,5,1,2,2,2,2,2,2,2,4,4,2,2
226,4,3,4,4,4,5,5,3,2,3,2,2,3,2,3,1,2,2,4,4,2,2
227,2,2,1,3,3,2,3,1,2,3,1,1,1,1,1,1,2,4,2,3,2,2
228,4,4,4,3,4,4,4,4,4,4,2,3,3,2,3,3,3,3,3,3,2,2
229,3,3,4,4,3,3,3,3,3,3,1,3,3,3,3,2,3,3,3,3,3,3
230,2,3,2,3,3,1,2,3,4,3,2,2,2,2,2,3,4,4,3,2,3,3
231,4,4,4,4,4,4,4,4,3,4,3,4,4,4,4,3,2,2,2,3,3,3
232,4,4,4,4,4,3,4,2,2,2,2,4,2,2,2,2,3,3,4,3,2,3
233,4,4,4,4,4,4,5,2,2,2,2,2,2,1,1,1,1,1,3,3,2,2
234,4,4,4,4,4,3,4,3,4,2,2,2,2,2,2,2,2,2,4,4,2,2
235,4,4,4,4,4,3,4,4,4,3,3,4,2,2,2,2,3,2,4,3,2,2
236,1,4,1,2,2,2,3,3,4,4,2,3,3,4,2,1,5,5,1,1,4,5
237,2,3,3,3,3,3,4,1,3,3,3,3,3,3,3,3,3,3,3,3,3,3
238,2,2,2,2,3,3,3,3,3,3,3,3,3,3,3,3,3,3,3,3,3,3
239,2,3,2,3,3,3,3,3,3,4,3,4,3,2,2,2,4,4,3,3,4,3
240,4,3,4,3,3,3,4,2,2,4,2,3,3,2,2,2,2,2,3,3,2,3
241,3,4,3,3,4,3,3,2,2,1,2,3,3,2,2,1,3,2,4,4,2,2
242,3,4,4,3,3,3,3,2,2,3,2,2,2,2,2,2,4,4,4,3,4,4
243,3,3,3,3,3,3,4,2,2,3,2,3,2,2,2,2,2,2,4,4,3,2
244,2,2,3,3,3,2,3,3,3,3,3,4,3,4,2,2,5,4,3,2,3,3
245,5,3,4,4,4,1,5,1,1,1,1,1,1,1,1,1,1,1,5,2,1,1
246,3,3,3,2,3,3,4,2,3,2,2,3,3,2,2,2,4,3,3,2,2,3
247,2,2,2,4,3,3,4,1,2,1,1,2,1,2,1,1,5,4,3,3,4,4
248,3,4,4,3,3,3,3,2,3,4,2,3,2,3,2,2,4,4,2,2,4,3
249,4,2,4,5,4,4,4,2,2,1,1,2,4,3,3,1,2,2,5,4,2,2
250,2,4,3,4,3,3,2,2,3,2,3,2,3,3,3,3,2,4,3,3,3,3
251,4,4,4,4,3,3,4,2,2,4,2,4,3,2,2,2,3,3,3,3,2,3
252,4,4,4,4,4,2,4,2,3,4,2,3,1,1,1,1,1,1,4,3,1,2
253,3,3,3,3,3,3,4,3,3,3,2,4,3,3,3,3,3,3,3,3,3,3
254,3,5,3,3,4,3,3,3,3,5,1,2,3,1,3,3,3,3,3,3,3,3
255,3,3,3,3,3,3,3,3,3,3,3,3,3,3,3,3,3,3,3,3,3,3
256,4,3,4,3,4,3,4,3,2,2,2,2,2,2,2,1,2,3,4,4,3,2
257,4,4,4,4,4,4,5,2,1,5,1,1,1,1,1,1,1,1,1,1,5,1
258,3,5,4,3,5,4,5,3,3,2,1,3,2,2,2,2,3,3,3,4,4,3
259,4,5,4,2,2,4,4,2,2,2,1,2,2,2,3,2,4,3,1,2,2,2
260,3,3,3,3,3,2,3,3,3,3,2,2,2,2,2,3,4,4,3,3,4,3
261,1,1,1,1,1,1,1,5,4,3,3,2,2,2,5,3,5,5,3,2,5,5
262,1,2,2,3,4,1,2,5,4,3,1,5,1,1,2,1,4,4,1,2,5,3
263,5,4,4,3,3,4,5,2,3,5,1,2,2,1,1,4,4,5,5,5,4,4
264,3,2,2,1,1,2,4,3,4,3,2,3,2,1,1,1,4,3,2,2,4,5
265,3,4,4,2,4,3,4,2,4,4,3,2,2,2,3,2,4,4,2,4,5,2
266,3,3,4,3,3,3,3,2,4,3,2,4,3,2,2,1,4,4,4,3,4,4
267,3,4,4,3,4,4,4,2,2,4,1,2,2,2,2,2,4,4,4,2,4,4
268,5,4,5,4,4,4,5,3,2,5,1,3,2,1,1,1,2,2,2,3,3,3
269,3,3,3,3,2,3,2,3,3,3,3,4,2,3,3,3,3,3,3,3,3,3
270,4,2,3,3,4,4,4,3,2,4,2,3,2,2,4,3,4,4,3,3,3,3
271,3,4,3,3,3,3,4,3,3,4,2,3,2,2,2,2,2,2,4,3,3,2
272,2,5,3,2,3,3,4,3,2,5,2,2,2,4,4,3,3,4,3,3,5,4
273,2,2,4,4,5,3,5,1,1,5,1,2,1,2,1,1,1,1,4,4,1,1
274,3,3,4,3,3,3,4,3,3,3,2,3,3,3,3,3,2,2,4,3,3,4
275,5,5,5,5,5,5,5,1,1,1,1,1,1,1,1,1,1,1,5,5,1,1
276,5,5,5,4,5,4,5,3,2,4,1,1,1,1,1,1,1,1,1,4,1,1
277,2,2,3,2,2,3,4,1,2,5,1,1,2,1,1,1,4,4,5,4,1,1
278,4,4,4,4,3,3,4,4,2,4,2,2,2,2,2,2,2,2,4,2,2,2
279,4,4,3,3,3,3,3,3,4,4,3,4,3,3,3,4,4,4,3,4,4,4
280,3,5,5,4,4,2,4,1,2,4,1,2,3,3,4,2,4,2,2,2,2,2
281,4,4,4,3,4,3,4,2,3,3,2,4,4,2,4,2,2,2,4,4,3,2
282,3,3,3,3,3,3,4,3,3,4,2,3,3,3,3,2,3,3,4,3,3,3
283,2,3,4,3,3,3,4,2,3,2,3,2,3,2,2,3,4,3,4,4,3,2
284,3,3,4,4,3,4,4,2,2,2,1,1,3,1,1,1,4,4,3,3,3,3
285,3,3,3,3,3,3,4,2,2,3,2,2,2,2,2,2,3,2,4,4,2,3
286,2,3,4,3,4,3,4,2,4,3,1,2,3,1,2,1,4,2,4,4,2,2
287,4,4,5,4,4,3,5,2,2,5,1,2,2,1,1,1,1,1,5,4,1,1
288,3,4,4,4,3,3,5,2,1,4,1,3,3,2,1,1,4,3,3,3,2,3
289,3,3,4,4,4,4,4,4,1,1,1,1,1,1,1,1,4,1,1,1,1,1
290,5,5,5,5,5,5,5,5,5,5,1,2,2,1,1,1,1,1,1,1,1,1
291,2,2,4,3,3,2,4,4,5,5,3,2,1,1,1,1,5,5,4,4,4,5
292,4,3,3,3,3,3,3,3,2,4,1,2,3,2,2,1,2,2,4,4,2,2
293,4,3,4,4,4,2,4,2,3,4,1,3,2,2,2,2,2,2,4,4,1,2
294,2,2,1,1,3,2,3,5,4,3,3,3,2,2,3,3,2,4,3,3,3,3
295,4,3,5,5,4,4,4,2,2,4,2,4,2,2,2,2,2,2,4,4,2,4
296,1,3,3,1,1,1,1,4,3,4,2,2,2,2,2,2,3,3,3,3,3,3
297,3,2,4,3,3,2,3,3,4,4,3,4,3,2,3,4,4,4,2,1,4,3
298,3,4,2,3,3,3,3,2,2,3,1,2,2,1,1,1,3,1,2,2,2,3
299,3,3,3,3,3,3,3,3,3,3,3,3,3,2,2,2,3,2,4,3,3,3
300,3,4,4,3,4,3,3,3,3,3,3,3,3,3,3,3,3,3,3,3,3,3
301,4,4,3,3,4,3,4,3,3,3,2,4,3,3,3,3,4,4,3,3,3,3
302,4,4,4,3,3,3,2,2,2,2,2,5,3,3,2,3,2,2,3,4,3,2
303,4,4,4,4,4,3,4,3,4,4,2,2,4,4,3,2,2,2,4,4,3,2
304,3,4,4,3,3,3,3,2,3,3,2,2,2,2,2,1,2,2,3,4,3,3
305,3,4,4,3,3,4,4,3,3,4,2,4,3,3,2,2,3,3,3,3,2,2
306,2,4,4,2,3,2,3,3,3,4,2,2,2,2,3,3,4,4,1,1,4,4
307,2,4,2,3,3,3,4,3,2,4,2,3,2,2,2,2,3,3,3,3,3,2
308,4,4,4,4,4,4,4,1,1,3,1,1,1,2,2,1,2,4,3,4,4,3
309,4,4,4,4,4,4,4,2,2,2,1,1,2,2,2,2,2,4,4,4,4,2
310,4,4,4,4,4,3,4,2,3,2,1,3,2,3,1,1,2,2,2,4,3,2
311,4,4,5,5,4,4,4,3,3,4,2,3,3,2,3,2,2,1,4,4,2,2
312,3,3,3,3,3,3,4,2,3,3,2,5,4,3,3,3,3,3,3,3,2,3
313,1,2,1,1,2,1,2,3,2,3,3,3,1,1,2,4,5,5,2,1,4,5
314,3,4,3,4,4,4,4,2,2,4,2,4,2,2,2,2,2,2,4,4,2,2
315,2,4,5,5,5,1,5,1,1,2,1,4,2,1,1,1,1,1,5,5,1,1
316,4,2,3,2,3,3,4,3,2,3,4,4,4,4,3,3,3,3,4,4,2,2
317,2,4,4,4,4,4,4,2,2,4,2,4,4,2,2,2,2,2,4,2,4,2
318,1,1,1,1,1,1,2,4,4,3,3,3,1,2,4,2,5,5,1,1,5,5
319,2,4,4,4,3,3,4,2,5,3,2,4,4,1,1,1,1,1,2,2,1,1
320,2,3,4,3,3,3,4,4,3,3,2,4,4,3,2,2,2,3,4,4,3,2
321,1,4,2,2,2,1,1,5,5,2,4,5,1,4,4,3,5,5,1,2,5,3
322,2,3,3,3,4,4,4,2,3,4,2,4,2,2,2,1,5,5,1,4,2,4
323,4,4,4,4,4,4,5,1,2,4,2,2,2,1,1,1,2,2,2,4,2,2
324,3,4,4,3,4,3,3,2,2,3,1,4,2,2,3,2,2,3,4,4,2,2
325,3,5,3,2,4,2,3,4,3,4,3,3,4,3,3,3,4,4,2,2,3,3
326,3,3,4,4,4,2,4,1,3,4,1,1,1,1,1,1,1,1,3,3,3,4
327,5,4,4,4,4,4,5,2,2,3,1,1,1,1,1,1,1,1,4,4,3,2
328,4,4,3,4,4,4,4,1,1,4,1,2,1,1,1,1,1,1,5,4,1,1
329,1,1,3,4,4,3,2,3,2,1,3,1,2,2,1,3,4,4,2,2,4,3
330,1,4,1,2,3,3,2,4,2,4,2,2,3,3,2,1,5,5,1,2,4,3
331,4,4,2,3,4,4,4,2,2,2,2,4,2,2,4,2,4,4,4,4,2,3
332,4,3,3,4,4,4,4,3,3,3,2,3,3,2,2,2,2,2,3,3,3,2
333,3,3,3,3,3,3,3,3,3,3,3,3,3,3,3,3,3,3,3,3,3,3
334,2,4,3,4,4,3,3,3,2,3,3,3,2,3,2,2,3,3,2,2,3,3
335,1,5,4,2,2,1,2,4,4,3,4,4,5,3,1,4,5,5,1,2,5,5
336,3,3,2,3,3,3,2,3,3,4,2,2,2,2,2,2,3,2,2,2,2,3
337,4,2,3,4,4,4,4,3,3,3,2,3,2,4,3,2,4,2,2,2,4,3
338,3,3,4,4,4,4,4,2,2,3,1,4,3,3,2,1,2,2,2,2,2,2
339,3,4,4,4,5,4,4,1,1,4,1,4,3,1,1,1,1,1,4,4,1,1
340,4,3,4,4,4,3,4,1,2,2,1,1,2,1,1,2,3,2,3,4,2,2
341,3,4,3,2,4,2,2,3,2,3,4,4,4,4,3,2,3,4,3,3,4,3
342,1,2,3,3,2,1,1,3,4,3,3,4,4,2,3,3,5,5,1,1,5,4
343,3,4,3,2,3,3,4,3,3,4,3,2,2,2,2,2,2,3,2,2,3,4
344,4,3,3,2,3,4,4,2,2,1,3,2,2,1,1,1,2,1,4,4,2,2
345,3,4,3,4,3,2,4,3,2,3,3,3,2,1,2,2,4,4,3,4,3,2
346,3,3,4,3,4,3,4,2,2,4,2,4,2,1,1,1,1,1,4,4,2,2
347,2,4,3,2,2,2,2,4,4,1,4,5,3,3,3,4,5,5,1,1,4,5
348,3,3,3,3,3,3,3,3,3,3,3,3,4,4,3,3,4,4,3,3,4,4
349,4,3,4,3,4,3,4,2,2,2,2,3,3,2,3,2,2,2,2,4,4,2
350,5,5,5,5,5,5,5,1,1,2,1,2,1,1,1,1,1,1,4,5,2,1
351,4,3,4,4,4,2,4,2,2,3,2,2,2,2,2,1,2,2,4,4,3,1
352,2,5,4,4,3,1,2,3,3,1,4,5,4,3,2,2,4,5,3,3,4,3
353,3,4,4,3,3,3,4,3,3,3,2,2,3,3,2,2,2,2,2,4,3,2
354,3,3,4,3,4,3,3,4,5,3,3,2,2,2,1,3,4,3,3,3,3,3
355,3,2,3,4,3,3,3,2,2,4,1,3,2,1,3,1,3,3,5,5,1,4
356,3,3,4,3,3,3,3,3,3,4,3,2,3,2,2,1,2,2,4,4,3,2
357,4,3,3,3,3,4,4,2,3,3,2,2,2,2,2,2,2,2,4,3,2,2
358,4,3,4,4,4,3,4,2,3,2,2,3,2,2,1,1,3,2,4,3,3,3
359,1,1,1,1,1,2,4,1,3,1,1,1,1,1,1,4,4,3,2,2,3,3
360,1,4,2,3,1,1,3,3,3,3,2,4,3,2,2,3,3,3,4,3,5,2
361,4,4,3,3,3,2,3,3,3,3,2,2,2,2,2,3,2,2,2,2,2,2
362,4,4,4,3,4,3,4,2,2,4,1,2,2,1,3,2,2,2,4,4,1,2
363,3,3,4,4,3,3,3,2,2,4,2,2,2,2,2,2,3,3,3,4,3,3
364,4,4,4,3,4,3,3,2,3,3,3,2,2,2,3,3,3,3,2,2,3,3
365,4,2,4,4,4,1,1,1,1,2,1,1,1,1,1,3,2,2,2,1,1,1
366,4,3,4,4,4,5,5,3,2,3,1,2,2,1,2,1,3,2,4,4,2,3
367,4,4,4,4,4,4,4,2,2,3,1,2,2,1,1,1,2,2,4,4,2,3
368,3,3,4,3,4,3,4,3,3,3,3,3,3,2,2,2,3,3,4,4,3,3
369,4,4,4,3,4,3,5,3,4,3,4,4,4,3,3,3,3,3,3,3,2,3
370,3,3,3,3,3,4,4,1,2,3,1,1,3,1,1,1,2,2,3,3,3,2
371,3,3,3,3,3,3,3,3,3,3,3,3,3,3,3,3,3,3,3,3,3,3
372,3,4,3,3,3,3,3,3,3,4,4,3,2,3,3,3,4,3,3,3,3,3
373,2,3,2,3,2,3,4,4,2,3,2,3,2,2,2,2,4,2,3,3,3,3
374,2,2,2,2,2,2,3,3,3,3,3,3,3,3,3,2,3,3,3,3,3,3
375,4,3,4,4,3,3,4,3,3,4,2,3,2,2,2,3,2,2,4,4,3,2
376,2,3,3,3,2,3,4,2,3,2,2,3,1,1,1,1,3,2,3,2,3,4
377,3,4,5,4,4,3,4,2,2,3,1,1,2,3,4,2,2,2,4,4,2,2
378,2,4,4,4,4,2,3,4,4,4,4,4,4,2,2,2,4,3,2,3,2,2
379,3,3,4,4,4,4,4,2,2,3,1,2,2,2,1,1,4,2,3,3,2,2
380,2,4,3,4,3,4,4,2,2,2,2,2,2,2,1,2,4,3,2,2,4,3
381,1,3,1,2,1,1,2,3,2,4,3,4,3,3,2,3,5,4,4,5,4,5
382,3,4,4,3,3,3,4,3,2,4,2,3,3,2,2,2,4,3,2,2,3,4
383,4,3,4,4,2,3,4,4,4,3,4,3,2,2,3,3,3,3,4,4,3,2
384,4,3,4,3,4,4,3,2,2,3,2,2,3,2,1,1,3,3,3,3,3,3
385,2,4,4,2,2,3,4,2,1,2,3,2,3,2,2,4,4,3,5,4,4,4
386,2,4,2,4,4,3,4,3,2,4,1,1,2,1,2,2,2,3,4,4,2,2
387,2,3,3,4,3,4,5,2,3,2,2,2,3,2,2,2,3,2,5,4,2,3
388,3,4,3,3,3,3,4,3,3,3,2,3,2,2,3,3,4,3,4,3,3,3
389,2,4,4,3,4,2,4,3,2,4,3,2,3,3,3,3,4,4,3,2,4,2
390,3,3,3,3,3,3,3,3,3,3,3,3,3,3,3,3,3,3,3,3,3,3
391,3,3,3,3,3,3,3,3,3,3,3,4,3,3,3,3,2,3,3,1,3,3
392,4,3,4,3,4,4,4,2,3,4,3,3,4,2,2,2,4,3,3,3,3,3
393,2,4,4,1,3,1,4,5,4,5,5,4,4,5,4,4,1,3,5,5,3,2
394,2,4,4,4,3,3,4,4,3,2,3,4,3,4,4,2,3,3,3,4,3,3
395,1,2,2,2,2,2,3,4,2,4,4,4,4,3,3,4,4,4,3,2,4,4
396,2,2,4,4,4,4,4,1,1,3,1,3,3,2,1,1,1,1,4,4,1,2
397,4,4,4,4,4,4,4,2,3,2,2,2,3,2,2,2,3,2,4,4,3,2
398,4,4,4,3,4,3,4,2,2,4,1,4,4,2,2,1,3,3,4,3,2,2
399,3,3,3,3,3,3,4,3,3,3,3,3,4,3,2,2,4,3,3,3,3,3
400,3,3,4,5,5,3,5,3,1,2,3,5,5,1,1,1,1,1,5,5,1,5
401,3,3,3,3,3,2,3,1,1,4,1,4,3,1,1,3,1,1,5,3,3,3
402,2,3,4,3,3,3,3,4,4,5,5,5,4,4,3,4,3,3,3,3,4,4
403,3,3,3,4,4,2,4,2,2,3,3,4,3,2,2,2,3,3,3,3,3,3
404,2,3,3,2,2,2,3,4,4,3,4,4,4,3,2,2,3,3,4,3,4,3
405,3,3,3,4,3,3,3,3,3,4,2,3,3,3,3,2,3,3,3,3,3,3
406,1,5,4,3,3,3,3,3,2,4,2,3,3,2,2,2,2,4,1,1,1,3
407,3,3,3,3,3,3,3,3,3,3,3,3,3,3,3,3,3,3,3,3,3,3
408,3,3,3,3,3,3,3,3,3,3,3,3,3,3,3,3,3,3,3,2,3,3
409,4,4,4,3,5,4,5,4,3,4,2,5,4,3,2,2,2,2,5,4,2,2
410,4,2,4,2,3,2,2,4,4,4,4,4,4,3,2,3,4,3,2,2,3,4
411,4,3,4,4,2,1,2,4,3,4,4,4,4,4,2,3,2,2,4,2,4,4
412,1,3,4,3,4,3,4,4,4,4,4,4,4,3,2,4,4,2,5,4,2,4
413,1,3,4,3,2,1,2,4,2,2,5,5,5,5,3,3,5,3,5,4,2,3
414,3,2,4,3,4,1,5,2,3,4,1,4,3,2,1,1,2,2,4,2,2,2
415,2,4,3,2,2,2,2,4,2,3,4,4,4,4,3,2,4,3,2,3,3,2
416,3,4,4,5,5,3,5,1,4,4,1,1,4,4,4,1,4,4,4,4,3,3
417,4,4,3,4,4,3,4,3,3,3,1,2,4,2,2,2,3,3,4,4,3,4
418,4,4,4,4,4,4,4,2,3,3,2,2,4,2,2,1,2,2,4,4,2,3
419,3,3,4,5,5,3,5,3,2,2,3,3,1,1,1,1,1,1,5,5,1,1
420,4,3,4,4,4,4,4,2,2,3,1,2,2,2,2,2,2,2,4,3,2,2
421,2,3,3,2,3,2,2,4,4,5,3,4,4,3,3,2,4,4,3,3,4,4
422,4,5,5,4,4,4,2,2,4,2,4,4,4,2,2,2,2,2,4,4,2,1
423,3,3,3,4,3,3,4,2,2,2,2,3,2,2,2,2,3,3,4,4,2,2
424,4,4,4,4,4,4,4,3,2,3,1,1,1,1,1,1,2,2,3,3,2,2
425,4,3,4,4,4,4,5,1,1,5,1,4,1,1,1,1,2,1,5,5,1,1
426,5,4,3,5,5,4,4,1,1,3,1,1,1,1,1,1,1,1,4,4,2,1
427,3,3,4,3,3,3,5,3,2,3,1,3,2,1,1,1,3,1,3,3,3,3
428,4,3,4,3,3,3,4,2,4,3,1,2,2,2,2,2,2,2,3,3,2,2
429,4,4,4,3,4,4,4,2,3,4,2,3,2,2,3,2,3,3,2,3,3,2
430,4,3,3,3,4,3,4,2,2,4,2,2,2,2,2,2,3,4,2,2,3,3
431,3,3,4,3,4,3,4,2,2,3,2,2,3,2,2,2,2,2,4,4,2,3
432,4,3,5,4,4,4,5,1,1,2,1,1,1,1,1,1,1,1,5,5,1,1
433,2,4,3,4,4,3,4,3,2,3,2,3,2,2,2,2,4,4,2,2,4,4
434,4,4,3,4,4,3,3,2,2,1,1,3,1,1,1,1,1,1,4,4,3,3
435,4,4,4,3,5,3,4,2,2,3,1,3,2,2,2,1,4,2,4,4,3,2
436,4,4,4,4,4,4,4,2,2,4,2,3,4,2,2,2,2,2,4,4,2,2
437,3,4,4,4,4,4,5,3,4,5,3,4,3,2,1,4,5,5,5,5,2,4
438,4,4,4,4,4,3,5,2,2,3,1,2,4,1,1,1,1,1,4,4,1,1
439,2,4,4,3,4,3,3,3,2,3,3,4,4,3,2,3,3,2,4,4,2,2
440,4,4,4,3,4,3,4,3,3,3,3,4,4,3,3,3,2,2,4,4,2,2
441,2,2,3,2,2,2,3,4,4,3,4,4,4,3,2,4,4,4,3,3,3,3
442,4,4,4,3,4,4,4,3,2,2,2,2,4,2,2,2,2,2,2,2,2,2
443,3,3,3,2,4,3,3,4,3,3,4,4,3,3,2,2,1,2,4,3,2,3
444,1,5,2,2,3,2,3,3,4,3,1,2,3,3,3,1,5,5,1,1,3,3
445,4,4,5,4,5,4,5,3,3,3,2,3,2,2,1,1,1,1,4,4,2,1
446,2,2,4,3,3,3,3,3,4,4,4,4,3,4,4,4,4,3,3,2,4,3
447,4,4,5,4,4,4,4,2,1,1,2,4,3,2,1,1,1,1,4,4,1,1
448,3,3,3,4,4,4,4,2,2,3,2,2,2,2,2,1,2,2,4,4,2,2
449,4,4,4,3,4,4,3,3,3,3,3,4,3,4,3,3,3,3,3,3,3,3
450,5,4,5,4,4,4,5,2,2,4,1,1,4,2,2,1,1,1,4,4,2,1
451,5,3,5,5,4,5,5,1,1,1,1,1,1,1,1,1,1,1,5,3,1,5
452,3,4,4,2,3,2,4,3,3,2,3,4,4,2,2,3,2,2,4,3,2,2
453,2,3,4,2,3,4,3,3,2,4,4,5,4,4,2,3,3,3,4,4,3,3
454,3,4,4,4,3,3,3,2,2,2,3,3,3,3,2,2,3,3,3,3,2,2
455,3,3,4,4,4,3,4,3,3,4,3,4,3,3,3,2,3,3,4,4,3,3
456,4,4,4,4,4,4,5,1,5,4,2,2,4,4,3,4,1,1,4,4,1,1
457,4,4,3,4,4,3,3,3,2,4,4,3,4,3,2,3,2,2,4,4,2,2
458,1,2,4,1,2,3,3,5,5,5,4,5,5,4,4,5,4,4,4,3,5,4
459,2,4,4,4,3,2,4,1,4,4,1,1,1,1,2,1,3,3,2,3,3,2
460,3,4,4,4,4,3,3,4,3,3,2,2,3,2,2,1,2,2,3,3,3,2
461,2,4,5,4,3,1,5,1,2,5,1,4,3,3,2,1,5,4,2,4,1,1
462,4,4,4,4,4,3,4,3,2,4,2,2,2,2,2,2,3,3,3,3,2,2
463,4,3,4,4,4,4,4,2,2,4,2,2,2,2,1,1,2,3,4,3,3,2
464,3,4,4,4,3,3,4,4,2,4,2,2,4,2,3,2,4,4,4,2,3,3
465,3,2,4,3,4,3,4,2,1,2,1,1,1,1,1,1,1,1,4,4,2,1
466,4,4,4,4,4,4,4,2,2,2,2,2,2,2,2,2,2,2,2,2,2,2
467,4,3,4,4,4,3,4,2,2,2,1,1,1,1,1,1,1,1,3,4,2,2
468,3,4,3,2,4,4,4,1,1,3,1,4,2,1,1,1,2,1,5,2,1,4
469,4,3,4,4,4,4,4,3,3,4,3,2,2,1,2,2,1,1,4,3,2,2
470,4,4,4,4,4,3,4,2,2,4,1,2,2,2,2,1,2,2,4,4,2,1
471,4,4,4,3,4,3,4,2,2,2,2,2,2,1,2,2,3,2,3,2,2,2
472,3,4,4,3,4,3,3,2,3,3,2,3,2,1,1,1,3,2,4,4,2,2
473,3,4,4,3,3,3,3,3,3,3,3,3,3,3,3,3,3,3,3,3,3,3
474,3,3,4,3,3,2,4,3,2,3,1,2,3,2,2,1,2,1,4,4,3,2
475,4,3,4,4,4,4,4,4,2,5,1,1,1,1,1,1,1,1,2,1,1,1
476,4,4,4,4,4,4,4,1,2,4,1,2,2,2,1,1,4,3,3,3,3,3
477,2,4,4,3,3,2,3,2,3,4,2,3,2,2,2,2,4,4,2,2,3,2
478,2,2,2,2,2,2,2,4,4,2,3,3,3,4,3,4,4,4,1,1,4,4
479,2,3,2,2,2,2,2,3,4,2,3,3,2,3,3,3,5,5,2,3,5,4
480,2,4,4,3,4,3,4,3,3,4,2,3,3,2,2,1,3,3,3,3,2,3
481,3,4,4,3,3,4,4,3,2,4,3,3,2,2,2,1,2,1,3,2,1,1
482,3,3,4,3,3,3,3,2,2,4,3,2,2,2,1,2,3,3,2,3,3,3
483,2,2,2,2,1,1,1,3,4,3,3,2,1,1,3,2,5,5,1,1,5,5
484,3,4,4,4,4,4,4,4,4,4,4,3,4,4,3,3,3,3,3,4,4,3
485,3,3,3,2,2,3,4,4,3,2,3,3,2,3,3,2,4,2,4,4,3,3
486,3,3,4,4,4,3,4,2,3,3,2,2,3,3,3,3,2,2,4,4,2,2
487,3,3,3,3,3,3,3,3,3,3,3,3,3,3,3,3,3,3,3,3,3,3
488,3,3,3,3,3,2,2,3,4,2,2,4,2,2,3,3,4,4,2,2,4,3
489,2,2,2,4,3,3,3,4,5,4,2,3,3,2,2,3,5,5,2,2,2,5
490,4,4,4,4,4,4,4,4,4,3,2,3,4,2,2,2,3,3,4,4,3,3
491,2,2,2,2,2,2,2,3,3,2,4,3,4,3,3,3,4,3,3,2,4,3
492,4,3,4,4,4,4,4,1,1,2,1,1,2,1,1,1,1,1,4,4,1,1
493,3,3,4,3,3,3,3,2,2,2,2,3,2,2,2,2,4,4,3,3,2,2
494,3,3,4,4,3,3,3,4,3,4,3,4,3,4,4,3,4,4,2,3,3,2
495,2,4,4,4,4,3,4,2,2,3,1,3,2,1,1,1,4,3,3,2,2,3
496,3,4,4,4,3,2,4,2,2,4,2,2,3,2,3,3,2,2,2,3,2,2
497,5,5,5,4,3,3,5,1,1,5,1,1,2,3,1,1,1,1,5,4,1,1
498,3,3,3,2,3,2,3,3,2,4,2,3,2,2,2,2,2,2,3,3,3,3
499,2,4,4,2,2,3,3,3,2,2,2,4,3,2,2,2,4,3,4,4,3,3
500,3,3,4,3,4,3,3,2,3,2,2,3,3,3,2,2,2,3,4,3,3,3
501,2,4,3,3,3,2,3,2,1,4,3,3,2,2,2,2,3,3,4,4,3,3
502,4,4,3,2,3,3,4,4,2,4,2,4,2,2,2,2,3,2,4,3,2,2
503,4,4,4,3,4,4,4,2,2,3,2,2,2,2,2,1,2,2,4,4,2,2
504,4,4,4,3,3,4,4,2,2,3,1,1,2,2,2,2,2,2,4,4,2,2
505,3,4,4,4,4,4,4,3,2,4,2,3,3,1,1,1,2,1,4,3,3,3
506,4,3,4,3,3,3,3,3,2,3,3,4,4,3,2,3,2,1,4,4,3,4
507,3,3,4,3,3,2,4,2,2,3,2,2,2,1,1,1,2,2,3,3,2,2
508,4,4,4,3,3,3,3,2,2,3,2,2,3,2,2,2,2,2,4,4,3,3
509,2,4,3,2,3,3,3,3,2,4,3,3,3,3,3,4,4,3,4,3,3,3
510,3,3,4,3,4,3,4,2,3,4,2,4,2,1,1,1,1,1,4,5,2,3
511,3,3,4,3,4,3,3,2,2,3,1,2,2,1,2,1,2,1,4,4,4,3
512,3,3,4,3,3,3,4,2,2,3,2,1,2,2,2,1,1,1,5,5,1,2
513,3,3,4,3,4,3,3,3,3,2,2,3,3,2,1,1,2,2,2,3,2,3
514,3,3,3,3,3,3,3,3,2,3,3,2,2,2,2,2,2,2,3,3,3,2
515,2,2,2,2,2,1,1,3,3,4,2,4,2,2,2,2,3,3,3,3,3,3
516,3,4,4,4,4,2,5,1,1,2,1,1,2,1,3,1,1,1,4,4,2,2
517,4,4,4,2,4,3,4,2,3,3,1,2,3,2,3,2,2,3,4,5,2,2
518,4,4,4,3,4,3,3,4,3,4,3,4,3,3,3,2,2,2,4,3,2,4
519,2,4,3,1,1,2,2,4,3,4,3,4,4,3,3,4,4,4,2,3,4,4
520,2,4,4,2,3,3,3,3,3,4,2,4,4,3,2,2,2,2,3,4,3,4
521,3,3,3,3,2,2,3,3,3,4,3,4,3,2,2,3,3,3,3,3,3,3
522,4,2,4,4,5,3,4,2,2,2,1,2,3,3,2,1,3,2,4,4,3,2
523,3,3,3,3,3,3,3,3,3,3,3,3,3,3,3,3,3,3,3,3,3,3
524,3,2,5,5,4,4,5,1,2,5,1,2,3,2,1,1,2,2,4,3,1,3
525,3,3,4,3,3,2,4,2,2,5,4,5,4,3,3,3,2,3,3,3,3,2
526,3,3,4,3,2,2,2,3,2,4,3,5,3,3,3,3,2,2,5,3,3,2
527,1,4,3,2,4,2,3,4,2,4,2,5,4,3,1,2,1,1,4,4,1,2
528,3,5,4,4,4,4,4,3,2,3,1,3,2,2,3,1,4,4,1,1,3,3
529,1,1,3,2,3,1,2,3,3,3,4,4,3,2,1,1,4,3,3,2,4,3
530,4,4,4,4,4,4,4,3,3,4,2,3,2,2,2,2,2,2,3,3,2,3
531,4,4,4,3,3,2,2,4,4,5,4,4,4,3,3,3,4,4,4,2,3,2
532,2,4,3,3,3,2,3,3,3,4,4,4,4,4,3,3,4,3,4,4,3,3
533,4,3,4,4,4,4,4,2,2,4,2,2,2,2,2,2,2,2,4,4,2,3
534,3,4,4,3,3,2,4,3,3,3,3,3,4,2,3,2,2,4,3,4,3,2
535,4,4,4,3,3,3,4,2,2,4,1,3,3,3,2,2,2,2,4,4,3,2
536,3,3,4,3,3,2,3,2,2,2,2,3,4,3,2,1,4,3,2,2,2,4
537,4,4,4,4,4,4,4,2,2,4,1,2,2,1,1,1,1,1,4,4,2,2
538,4,4,4,3,3,2,4,2,2,4,3,2,4,2,2,2,2,2,4,4,3,2
539,2,3,3,2,2,2,2,3,2,5,3,4,4,2,2,3,5,3,3,4,3,4
540,3,4,4,3,4,3,3,3,3,4,3,3,3,3,2,2,2,2,5,4,3,2
541,4,4,4,4,4,3,3,2,3,4,2,4,3,2,2,2,3,2,2,4,2,2
542,1,3,3,1,1,1,1,5,5,3,5,5,5,4,4,4,5,5,1,2,5,5
543,4,3,4,3,3,2,4,1,1,4,2,2,5,2,1,1,1,1,2,4,1,1
544,1,4,4,2,2,1,3,3,3,3,4,4,4,2,2,2,4,4,2,3,4,3
545,2,3,3,3,3,3,2,2,2,3,2,4,2,2,2,2,4,4,3,3,3,2
546,4,4,4,4,4,4,4,1,3,4,4,4,5,4,2,2,1,1,5,5,2,2
547,2,3,4,3,3,2,3,3,2,4,3,4,3,3,3,2,4,4,3,3,3,3
548,1,2,2,2,3,4,4,3,3,3,2,2,3,3,3,2,4,4,1,1,5,5
549,2,2,2,3,4,3,5,1,1,1,1,1,2,2,2,1,2,3,2,2,3,2
550,2,3,3,2,3,2,2,2,3,3,2,3,2,2,2,2,4,3,3,3,3,3
551,4,3,4,4,5,2,5,1,2,3,2,2,2,1,1,1,4,4,2,2,3,3
552,5,2,5,5,5,4,5,1,1,3,1,1,1,1,1,1,1,1,4,4,1,1
553,2,4,4,4,4,3,4,3,2,3,2,2,1,1,1,1,1,1,2,3,2,3
554,4,4,4,4,4,4,4,2,2,3,3,4,4,2,2,2,2,2,2,4,2,3
555,3,3,4,4,4,4,4,4,4,4,2,2,2,2,2,2,2,2,2,2,2,2
556,3,3,3,3,3,3,3,3,3,3,1,1,1,1,1,1,1,1,1,3,1,3
557,2,4,4,3,5,4,4,1,3,3,1,2,2,1,1,1,3,1,4,4,3,3
558,3,2,4,3,4,3,4,1,2,3,2,2,2,2,2,2,2,2,3,3,3,3
559,4,3,4,3,4,3,3,2,2,2,2,4,3,3,2,1,3,2,3,3,2,2
560,4,3,4,4,4,4,4,2,2,4,2,2,2,2,2,2,2,2,4,2,2,2
561,4,3,4,3,4,3,3,1,3,2,2,2,1,1,2,2,3,3,3,3,4,3
562,4,4,3,3,4,3,2,2,3,4,2,2,2,2,2,2,2,2,4,4,3,2
563,3,3,4,4,3,4,4,3,2,4,2,2,4,2,2,1,1,1,4,3,2,3
564,4,2,5,3,5,4,5,1,2,4,1,2,2,2,1,2,4,1,2,2,2,3
565,4,5,5,4,4,4,4,1,1,2,4,4,4,4,3,3,2,2,2,4,3,2
566,3,4,4,4,3,4,5,1,2,3,1,2,2,1,1,1,2,1,4,4,2,1
567,4,4,4,4,4,4,4,1,1,3,1,1,1,1,1,1,1,1,1,1,1,1
568,4,4,5,4,5,5,5,1,1,4,1,1,1,1,1,1,4,1,5,5,1,1
569,5,5,5,5,5,5,5,5,5,5,5,5,5,5,5,5,5,5,5,5,5,5
570,4,4,4,3,3,2,4,2,2,4,1,2,2,2,2,2,2,2,2,2,2,2
571,1,3,3,1,1,1,4,4,2,4,4,4,4,4,4,5,5,5,1,1,5,5
572,3,4,4,3,3,3,5,3,3,3,2,4,4,2,2,2,2,3,4,4,3,2
573,1,4,1,3,3,3,1,2,3,4,5,5,3,4,3,5,5,5,1,1,5,3
574,4,3,4,4,4,4,4,1,2,4,1,1,1,1,1,1,1,1,3,4,1,2
575,3,4,5,4,4,4,4,2,2,1,1,2,2,1,1,1,1,1,5,5,3,3
576,4,5,5,5,5,4,5,1,1,5,1,2,2,2,1,1,1,1,1,1,1,2
577,2,3,3,2,3,4,4,4,3,4,3,4,3,2,4,2,4,4,2,2,4,4
578,4,4,4,4,4,4,2,2,2,4,2,4,2,4,4,2,2,3,2,3,4,3
579,3,3,3,3,3,4,3,3,3,3,3,3,3,3,3,4,3,3,4,3,3,3
580,4,4,4,4,4,4,4,2,2,2,1,1,1,1,1,1,3,2,3,3,1,2
581,3,4,5,4,4,4,4,1,1,2,1,1,2,2,2,1,1,1,4,4,2,1
582,3,4,5,3,5,3,5,1,1,3,1,2,1,1,1,1,1,1,2,1,1,2
583,3,5,4,2,3,3,3,3,3,3,4,5,4,3,2,3,5,5,1,1,5,3
584,4,3,4,4,4,3,4,2,2,3,1,2,2,1,2,2,2,2,5,2,2,2
585,4,4,4,4,4,4,5,1,1,5,1,2,2,1,2,1,2,1,2,2,2,2
586,3,3,3,3,2,2,2,3,3,3,4,4,3,4,3,4,3,5,1,2,5,3
587,4,4,4,3,4,3,3,2,2,4,2,4,4,3,3,2,3,3,3,3,3,4
588,4,4,3,3,3,3,3,3,2,2,4,4,4,3,3,3,4,4,3,2,4,2
589,4,5,4,3,4,3,4,2,2,3,1,1,1,1,1,2,2,2,5,5,2,1
590,3,4,4,3,4,3,4,2,2,2,2,4,3,2,1,1,4,4,4,3,3,3
591,4,4,4,3,4,4,4,2,1,1,1,2,1,1,1,1,1,1,1,1,1,1
592,2,3,3,2,3,3,3,3,3,4,3,3,3,2,2,2,3,3,4,4,3,3
593,4,3,3,3,3,3,3,3,3,3,2,2,2,2,2,2,2,2,4,4,2,3
594,2,1,4,4,4,4,5,1,1,3,1,1,1,1,1,1,1,1,5,5,1,2
595,4,4,4,4,4,4,4,4,4,3,1,2,2,2,2,2,2,2,4,4,2,2
596,4,3,4,4,3,4,5,2,2,4,2,2,3,2,2,1,1,1,5,4,2,1
597,3,2,4,2,4,3,5,2,3,4,2,1,2,2,3,2,2,2,5,4,3,1
598,2,2,2,1,1,1,1,1,1,4,1,4,3,4,3,3,5,5,1,1,4,3
599,2,4,3,2,3,2,3,3,2,5,2,3,3,4,2,1,3,3,3,3,4,3
600,2,3,5,5,3,4,3,1,2,2,1,1,2,1,1,1,4,1,1,4,2,1
601,2,3,4,4,5,3,4,2,2,4,2,2,3,2,2,2,2,2,2,4,2,2
602,4,4,3,2,4,3,3,4,2,3,2,2,3,3,2,3,4,3,2,3,3,2
603,4,3,4,4,4,4,5,3,2,3,1,2,2,1,1,1,2,1,4,3,2,1
604,4,4,4,4,4,4,4,2,2,3,1,1,2,1,1,1,1,1,3,4,1,1
605,3,3,4,3,4,1,5,1,1,4,1,1,2,2,1,2,2,1,3,3,1,2
606,1,3,4,3,3,2,2,2,2,4,2,2,2,1,4,2,5,5,1,1,5,4
607,2,4,4,2,2,3,4,2,3,3,2,4,3,3,2,2,3,2,4,4,2,3
608,4,4,4,4,3,4,5,3,2,3,1,1,2,1,1,1,3,3,4,3,3,3
609,2,4,3,3,2,2,3,1,2,3,2,3,2,2,2,2,4,3,4,3,4,5
610,1,4,4,1,3,2,2,4,2,3,3,4,4,3,5,4,4,5,2,3,5,5
611,2,4,4,3,3,3,3,4,4,4,4,4,4,2,2,3,2,3,1,2,4,3
612,3,3,2,2,2,2,2,1,2,2,2,4,2,1,1,2,3,2,2,3,3,2
613,4,5,4,2,2,1,4,5,5,5,5,5,5,5,5,3,4,4,4,2,5,2
614,4,3,3,4,4,4,4,2,3,3,2,3,3,2,2,2,2,2,3,4,4,4
615,4,4,4,4,4,4,4,2,2,4,2,2,2,2,2,2,2,2,3,2,2,3
616,3,4,4,4,4,4,4,3,3,2,1,2,1,1,1,1,3,3,3,3,2,2
617,3,2,3,3,2,3,4,2,2,2,1,4,3,2,1,3,2,3,4,2,2,1
618,3,5,5,4,5,4,5,1,1,4,1,1,1,1,1,1,1,1,1,1,1,1
619,2,3,3,3,4,2,4,3,3,5,3,4,4,4,4,3,2,2,5,5,4,2
620,4,1,4,4,4,2,2,4,2,2,2,2,1,1,1,2,2,2,4,2,2,2
621,1,3,3,3,4,3,3,4,5,4,3,3,4,5,5,4,4,5,2,2,3,4
622,4,4,4,4,4,2,5,1,4,4,1,2,2,2,2,1,1,1,4,4,2,2
623,1,4,1,1,1,1,1,4,5,1,5,2,2,2,5,5,5,5,1,1,5,5
624,4,4,4,4,4,3,4,4,2,4,2,4,3,2,3,1,2,2,5,3,4,2
625,3,3,4,4,4,2,4,2,2,3,2,2,2,2,2,2,2,2,4,4,2,2
626,3,4,4,3,4,3,4,2,4,1,1,3,2,2,2,2,2,2,4,3,2,2
627,3,2,4,3,4,4,4,2,4,2,2,3,2,3,3,1,2,2,4,3,2,1
628,4,4,4,4,4,4,4,4,3,3,3,1,1,1,1,1,2,2,1,2,2,2
629,4,3,4,4,4,4,5,2,1,1,2,4,1,1,1,1,1,1,5,5,1,2
630,4,4,3,3,4,3,5,2,2,3,1,1,1,1,1,1,1,1,1,1,1,1
631,3,3,3,4,4,3,4,2,1,1,1,4,2,2,1,1,1,1,5,4,1,1
632,3,2,4,3,4,3,4,2,2,3,2,2,3,3,1,1,2,2,4,3,2,2
633,2,3,3,2,3,3,3,3,2,3,3,5,4,3,3,3,4,4,1,1,3,4
634,2,2,2,2,2,3,2,2,2,2,2,4,3,2,2,2,3,2,2,2,2,3
635,3,3,5,3,4,3,4,3,2,4,2,4,3,2,2,2,2,3,3,3,3,2
636,2,3,2,4,3,2,4,3,4,4,2,3,3,3,4,3,2,2,3,3,4,3
637,3,3,4,4,3,3,4,3,2,3,2,3,3,3,2,2,2,2,2,2,2,3
638,2,4,4,3,3,2,4,2,2,4,2,4,2,2,2,2,2,2,3,2,2,2
639,4,3,2,3,4,3,4,2,2,2,1,1,1,1,1,1,2,2,1,2,2,3
640,1,1,2,1,1,5,1,5,4,3,5,5,5,5,2,5,5,5,3,3,5,5
641,2,3,2,4,3,2,2,3,5,3,3,5,4,4,3,4,4,4,2,2,5,5
642,3,3,4,4,4,3,4,1,1,2,1,2,2,1,2,1,2,2,3,3,2,1
643,3,4,4,3,3,3,4,3,2,4,3,4,4,4,2,4,2,2,3,4,2,2
644,3,3,3,3,3,3,3,1,2,3,1,1,1,1,1,1,4,3,2,2,2,3
645,2,4,2,2,4,2,2,2,2,2,2,4,2,1,2,1,5,4,3,2,2,4
646,3,3,3,3,3,3,3,3,4,3,3,4,3,2,3,3,3,3,3,2,3,4
647,2,2,5,3,4,3,4,2,2,3,2,4,3,2,2,2,2,2,3,3,3,2
648,2,2,4,2,3,3,4,3,2,3,3,5,4,4,2,2,2,3,4,4,3,2
649,4,4,3,3,4,4,4,2,3,2,2,3,4,3,2,2,1,3,5,4,2,2
650,4,4,3,3,4,3,3,2,2,2,2,2,2,2,2,1,4,4,2,2,2,2
651,4,5,4,3,4,2,4,4,1,4,1,4,3,3,1,4,4,5,1,2,4,2
652,4,4,4,3,3,1,4,2,1,1,1,3,3,3,1,2,2,1,4,4,2,1
653,3,5,4,4,4,3,4,1,1,4,1,4,4,2,1,1,2,1,4,4,1,1
654,4,4,4,2,3,3,3,2,3,1,2,4,4,2,2,3,2,2,4,4,2,4
655,4,3,4,4,4,4,4,3,2,3,2,2,2,1,1,1,4,2,3,3,2,2
656,2,4,2,2,4,3,4,4,2,4,3,2,3,2,2,2,4,4,2,2,3,2
657,2,2,4,2,3,3,3,2,2,3,3,4,3,3,1,1,3,4,2,3,2,2
658,1,4,2,2,3,1,2,5,3,3,5,5,5,4,3,4,5,5,1,1,5,4
659,4,4,3,2,4,3,3,2,3,4,3,4,4,1,3,1,4,2,5,4,1,1
660,3,2,3,2,2,4,5,1,3,5,1,1,2,1,1,1,1,2,5,5,4,2
661,3,4,4,3,4,3,3,3,2,5,4,4,3,5,3,2,4,4,3,4,3,2
662,3,2,3,4,4,3,4,1,2,3,3,3,2,1,1,1,2,2,5,5,3,2
663,3,4,4,4,4,3,3,4,3,3,3,4,4,3,3,2,4,4,2,2,3,3
664,4,4,4,4,4,4,4,2,1,2,1,1,1,2,1,1,4,4,1,1,5,4
665,1,4,2,2,3,2,2,4,4,5,4,4,4,3,5,4,5,5,2,3,5,3
666,4,4,4,3,4,3,4,2,2,2,2,3,2,2,2,2,2,2,4,4,2,2
667,3,3,3,3,4,4,5,4,1,4,1,2,2,2,1,1,3,3,3,3,1,3
668,4,4,3,2,4,2,3,4,3,5,4,5,4,3,3,4,4,5,4,2,4,1
669,2,4,3,2,2,2,4,2,3,2,2,3,3,3,2,2,2,2,4,4,2,2
670,2,4,4,3,4,4,4,2,3,5,1,2,2,2,1,1,2,1,4,4,3,1
671,2,2,2,2,4,3,3,2,2,4,2,4,4,4,2,4,2,2,2,2,2,2
672,2,4,3,3,3,3,3,2,3,3,3,3,4,3,3,3,2,2,4,4,2,3
673,4,3,4,2,2,1,2,1,2,2,1,1,1,1,1,2,2,1,2,3,1,2
674,4,3,4,3,3,3,3,2,2,3,2,3,4,3,2,2,3,2,2,2,3,3
675,4,4,4,4,3,3,4,4,4,4,4,4,3,3,3,3,3,3,4,4,3,3
676,2,4,3,2,2,2,2,3,3,4,4,4,4,3,3,2,3,3,3,3,3,2
677,3,4,3,4,3,4,4,3,4,2,4,4,3,3,3,2,3,3,4,2,4,3
678,4,4,4,3,4,4,3,3,2,4,4,4,3,3,2,4,4,4,2,2,3,2
679,2,3,4,2,2,2,3,2,3,2,3,2,2,2,2,4,3,4,3,4,4,3
680,1,1,2,1,3,2,1,4,1,4,5,5,5,5,5,5,4,4,2,4,4,4
681,4,3,4,4,3,1,5,2,3,5,1,3,1,1,1,1,1,1,4,3,1,3
682,4,4,4,4,3,3,4,2,3,4,2,3,4,4,3,3,2,2,3,3,2,2
683,4,4,4,4,4,3,4,4,2,2,2,2,2,2,2,1,3,3,2,3,3,1
684,3,4,3,4,4,3,3,2,3,3,3,4,2,2,1,1,4,4,2,2,3,4
685,3,4,3,3,3,3,3,3,4,3,3,4,3,4,4,4,3,4,3,2,3,3
686,2,2,2,2,2,1,2,4,3,3,3,4,3,3,2,3,4,4,2,2,4,3
687,1,1,1,1,1,1,1,5,3,5,5,5,5,5,5,5,5,5,1,1,5,5
688,3,3,3,3,3,3,3,3,3,3,3,3,3,3,3,3,2,2,4,4,3,3
689,3,3,4,3,3,3,3,1,1,1,1,1,1,1,1,1,4,4,1,1,1,4
690,1,3,2,1,3,3,2,4,4,3,4,5,3,4,4,4,3,4,3,3,5,3
691,4,3,4,4,4,4,3,2,3,2,2,2,2,2,2,2,4,4,4,4,3,4
692,2,3,4,4,4,3,2,4,4,4,5,4,3,4,3,4,4,4,4,4,4,3
693,3,3,4,2,3,3,3,2,2,3,2,2,2,2,2,2,3,3,3,3,2,3
694,2,4,4,3,3,3,4,3,3,4,2,3,2,2,2,2,4,4,3,3,3,4
695,1,1,1,1,1,1,4,1,1,5,1,1,1,1,1,1,5,4,2,1,5,2
696,3,4,4,3,3,1,3,2,3,1,2,2,2,2,2,2,5,5,2,1,1,1
697,2,4,4,3,4,4,4,4,3,3,1,2,1,1,1,1,4,3,3,2,3,3
698,4,4,4,3,3,3,4,3,2,4,2,4,3,2,2,2,2,3,4,3,3,3
699,2,4,3,4,4,1,4,2,1,3,1,2,2,1,2,1,2,2,3,3,3,2
700,2,5,2,1,4,2,2,2,1,4,1,2,2,1,1,1,5,5,2,2,5,4
701,4,4,4,4,4,4,4,1,2,3,1,2,2,1,1,1,3,1,3,3,2,3
702,3,2,3,2,3,4,3,2,2,3,4,4,3,2,1,3,3,2,2,3,1,3
703,2,3,3,2,3,2,3,4,2,2,2,4,2,2,2,2,4,5,2,1,5,3
704,1,5,1,1,1,1,1,5,5,1,4,5,1,4,5,4,5,5,1,1,5,5
705,3,3,3,3,3,3,4,2,2,4,2,3,2,1,2,2,4,3,2,2,3,4
706,4,4,4,3,4,2,4,3,3,2,4,3,3,3,3,3,4,4,2,3,3,3
707,4,3,4,4,4,4,4,2,2,4,2,1,3,2,2,2,3,2,3,4,2,2
708,3,3,3,3,3,3,4,2,2,2,2,2,2,2,2,2,2,2,2,3,2,2
709,3,3,3,3,3,1,1,2,3,2,1,1,1,1,1,1,4,5,1,1,5,4
710,1,4,2,4,4,3,3,3,2,4,2,4,2,2,1,1,3,4,5,4,4,2
711,3,5,2,3,3,1,2,1,3,4,3,3,3,2,3,1,4,4,4,4,4,3
712,2,4,2,3,4,2,3,4,4,3,4,4,4,3,4,3,4,4,3,4,4,2
713,3,4,4,3,4,3,4,2,3,3,2,4,2,2,3,4,3,2,3,4,3,3
714,3,4,4,4,4,4,4,2,2,4,1,2,2,1,1,2,4,1,4,4,2,2
715,2,2,4,3,4,2,4,1,1,2,1,1,1,1,1,1,2,1,2,4,1,2
716,4,4,4,4,4,2,4,1,1,4,1,1,1,1,1,1,1,1,4,4,2,2
717,3,4,3,3,3,3,3,3,3,4,2,3,2,2,2,2,3,3,3,3,4,3
718,3,1,3,2,3,3,3,3,3,1,1,4,3,1,3,3,3,3,3,3,3,3
719,4,4,4,3,3,3,4,2,2,3,1,2,2,1,1,1,2,2,3,2,3,3
720,5,5,5,5,5,5,5,5,3,3,3,1,1,1,1,1,1,1,5,5,1,1
721,4,4,3,2,3,2,2,3,3,3,2,2,3,2,2,2,4,4,2,2,4,3
722,4,3,3,3,3,3,3,3,2,3,2,3,3,3,3,3,2,4,3,3,3,3
723,3,2,2,2,3,3,3,4,3,2,2,2,3,3,2,3,4,4,2,2,4,4
724,1,1,1,1,4,1,1,2,4,2,3,1,3,2,1,1,5,5,2,2,5,4
725,4,4,4,4,4,2,3,4,4,4,1,1,2,1,1,1,1,1,4,4,4,1
726,3,4,4,3,4,4,5,1,3,4,1,3,2,1,2,1,1,1,4,5,1,2
727,3,4,3,3,4,3,4,2,2,2,2,3,3,3,3,2,3,4,3,3,3,4
728,4,4,4,4,4,2,4,2,3,2,2,2,2,2,2,2,4,2,3,3,3,2
729,3,4,4,4,4,3,4,1,1,1,1,1,3,1,1,1,2,2,4,4,1,2
730,2,2,2,4,3,3,4,2,2,4,2,2,2,2,2,2,2,2,2,2,3,2
731,4,3,4,2,2,3,5,1,1,1,1,2,1,1,1,1,2,1,3,4,3,2
732,2,3,3,3,3,3,4,2,2,3,1,2,2,2,1,1,2,2,4,4,3,2
733,2,4,4,4,4,3,3,2,3,3,2,2,2,2,2,2,3,2,3,3,3,3
734,3,3,4,4,3,3,3,1,1,1,1,2,1,1,1,1,3,1,4,5,2,2
735,4,2,4,5,5,1,5,1,1,2,1,1,1,1,1,1,1,1,1,1,1,1
736,3,3,3,3,3,3,4,3,3,3,2,2,3,2,3,2,4,3,3,4,4,3
737,4,4,4,3,4,4,4,2,2,2,1,1,2,1,1,1,2,2,3,3,3,2
738,1,1,1,4,2,3,3,1,5,5,2,1,2,2,2,2,4,4,5,4,3,4
739,2,4,4,2,3,3,3,5,4,4,5,5,5,4,3,4,4,3,2,1,4,2
740,4,4,4,2,3,3,4,2,2,4,2,4,2,2,1,3,3,3,4,5,5,3
741,3,3,4,4,3,3,4,2,2,3,3,2,2,2,2,2,3,3,3,4,3,3
742,4,4,4,4,4,4,4,2,2,4,2,2,2,2,2,2,1,1,5,5,1,2
743,3,4,2,2,3,3,3,2,2,3,2,3,3,3,2,2,2,2,2,2,2,4
744,4,3,4,4,5,3,4,1,1,2,1,1,1,1,1,2,1,1,4,4,1,1
745,1,1,2,4,4,3,2,1,1,1,2,1,1,1,5,2,5,5,1,2,5,5
746,3,3,4,5,4,4,4,2,3,3,1,3,2,2,1,1,4,4,1,4,3,3
747,4,4,4,4,4,2,3,4,4,4,3,2,3,3,3,2,3,4,3,3,3,2
748,1,3,2,3,2,2,2,3,4,4,3,2,2,2,2,2,4,3,2,2,4,4
749,2,4,4,3,4,3,3,2,4,4,2,3,3,1,1,1,3,4,3,4,2,3
750,3,4,4,4,4,4,4,2,2,3,1,2,3,2,1,2,2,2,4,4,1,2
751,3,4,4,4,4,3,4,4,3,4,2,3,3,2,3,2,3,4,3,4,4,3
752,4,5,4,5,5,5,5,1,1,5,1,1,1,1,3,1,1,2,3,4,1,3
753,5,5,5,3,3,4,4,1,1,1,1,1,1,1,1,1,3,4,4,4,1,1
754,5,5,5,3,5,3,5,1,3,3,1,2,2,1,1,1,1,1,3,4,1,1
755,4,3,5,3,3,4,5,1,1,1,1,3,2,1,1,1,3,3,4,4,1,1
756,1,1,1,1,1,1,1,3,4,3,2,2,2,3,2,2,5,4,2,2,5,5
757,1,1,1,1,1,1,1,1,1,1,1,2,1,1,2,1,1,1,1,1,1,1
758,1,3,2,1,3,1,3,2,4,3,2,3,3,2,1,2,5,4,2,3,4,3
759,3,3,3,3,3,3,4,3,3,2,3,2,3,3,3,3,4,4,4,2,3,3
760,4,4,4,4,5,5,5,3,4,5,1,1,1,1,1,1,2,2,4,5,2,2
761,1,4,3,1,1,1,1,5,3,3,4,5,4,5,3,4,4,3,2,3,5,3
762,2,3,4,3,3,3,3,3,1,1,1,4,3,3,3,3,4,4,1,2,5,3
763,5,5,4,4,4,4,5,3,2,4,2,2,3,3,3,2,2,2,2,3,3,2
764,1,5,5,1,1,1,1,5,5,5,1,1,5,5,1,1,5,5,1,1,1,1
765,2,3,4,2,2,4,4,2,2,5,1,1,2,2,1,1,2,2,2,2,2,1
766,2,2,3,2,2,3,3,3,3,3,4,4,4,3,3,2,3,3,2,2,3,3
767,2,3,3,2,3,3,3,4,3,4,3,4,3,3,2,3,4,3,2,3,4,3
768,4,2,4,3,3,4,5,2,1,2,1,2,3,2,1,1,1,1,1,1,1,1
769,4,4,4,3,3,4,3,4,4,3,4,3,4,3,2,2,4,3,4,3,3,4
770,2,3,3,3,4,3,3,2,2,2,1,4,2,1,1,1,2,1,4,4,2,3
771,3,3,4,3,3,4,4,3,3,2,2,2,2,1,1,2,3,3,3,3,2,2
772,4,5,5,5,5,5,5,3,2,1,1,1,1,1,1,1,1,1,4,4,3,1
773,3,3,3,2,3,1,3,2,3,5,3,4,3,3,4,3,4,4,1,2,5,4
774,4,4,4,4,3,3,4,3,3,4,3,3,3,3,3,3,2,2,4,4,3,3
775,2,4,3,4,3,4,3,2,3,3,3,3,3,2,2,2,5,5,5,4,3,2
776,1,4,3,3,4,3,3,3,2,2,3,4,3,3,2,3,2,2,2,3,3,2
777,4,3,3,2,3,3,3,2,3,4,3,5,5,1,1,1,5,5,2,4,3,2
778,3,2,2,3,3,3,3,4,3,4,2,2,2,2,1,1,4,4,2,2,3,3
779,3,4,3,3,4,2,3,2,2,3,1,2,3,1,1,1,4,4,1,1,2,3
780,4,4,4,4,4,4,4,4,3,4,3,2,4,3,2,2,2,2,2,3,2,2
781,3,3,3,3,3,3,3,3,3,3,3,3,3,3,3,3,3,3,3,3,3,3
782,4,4,2,1,1,5,1,2,5,4,5,5,5,5,4,4,3,4,3,4,3,3
783,4,4,4,4,4,3,4,5,4,4,4,3,3,3,2,2,2,2,4,2,3,2
784,4,3,4,4,3,1,3,4,4,4,4,4,3,2,2,4,3,3,3,3,3,3
785,1,2,3,2,2,2,2,4,4,3,4,4,4,3,3,3,4,4,2,2,4,3
786,3,3,4,3,3,3,3,4,3,4,3,3,3,3,3,2,2,2,3,4,3,3
787,3,4,3,2,4,3,2,1,3,3,4,3,4,3,2,2,1,2,3,3,2,3
788,1,3,3,2,3,2,2,3,3,3,3,3,4,2,2,1,4,2,3,4,3,3
789,3,3,2,3,2,2,2,5,5,3,5,5,5,5,5,5,5,5,5,5,5,5
790,3,2,3,3,3,2,3,4,3,3,3,4,3,3,3,4,5,4,4,3,3,3
791,4,4,4,4,4,4,4,2,2,3,2,2,2,2,2,2,2,2,2,2,3,3
792,1,4,3,2,2,2,2,3,2,3,3,5,4,3,1,1,4,4,2,3,2,4
793,3,3,2,2,4,3,4,2,2,4,1,4,1,2,1,1,1,1,4,4,1,1
794,3,2,3,3,2,1,2,5,4,4,4,4,4,3,3,4,4,4,3,3,5,3
795,3,2,4,3,3,2,4,2,2,2,3,4,3,2,1,3,1,3,4,4,2,2
796,2,2,1,2,2,4,3,1,5,2,1,1,1,2,1,1,1,1,2,2,2,2
797,1,3,3,2,4,3,3,3,3,4,3,2,3,3,2,3,2,2,2,3,2,3
798,3,4,3,3,4,3,4,3,2,4,4,4,4,4,2,3,3,2,4,4,3,3
799,4,3,4,4,3,4,3,2,2,2,2,2,2,2,2,2,2,2,4,4,2,2
800,2,2,3,2,2,2,3,3,3,4,2,2,2,3,4,3,2,2,2,2,2,2
801,3,4,4,3,3,3,3,3,3,4,3,2,4,2,3,2,4,3,4,4,3,2
802,3,3,3,3,3,3,3,3,3,3,3,3,3,2,2,3,3,3,3,3,3,3
803,1,2,3,3,4,5,3,3,3,5,4,4,3,2,4,4,4,4,4,4,4,4
804,2,4,2,2,2,2,1,3,3,3,4,4,4,3,4,4,5,5,1,1,5,4
805,3,3,3,3,3,3,3,3,3,4,2,4,3,2,3,2,4,4,3,3,4,3
806,2,1,1,2,1,1,2,2,4,3,3,4,3,3,3,3,4,4,2,2,5,5
807,1,1,1,1,1,1,2,1,3,5,3,4,4,3,3,3,4,4,1,1,1,1
808,4,4,4,3,4,4,5,1,1,3,1,2,2,1,1,1,1,1,1,4,2,2
809,3,2,4,4,4,4,3,2,2,2,2,2,2,1,1,1,2,1,3,3,2,2
810,2,3,3,3,3,3,3,3,4,3,4,4,3,3,3,2,4,4,4,2,3,4
811,4,4,4,3,4,3,3,3,3,3,2,4,4,3,3,2,4,4,2,2,4,3
812,3,4,3,3,3,3,3,4,3,3,3,4,4,3,3,4,3,3,4,3,3,3
813,2,4,3,3,4,2,3,4,2,3,1,3,1,3,2,2,4,5,1,1,3,4
814,3,4,3,2,3,2,2,3,2,3,3,4,4,4,4,4,4,4,3,2,4,4
815,1,1,1,1,1,1,1,5,1,1,4,5,1,5,5,4,5,5,1,1,5,5
816,3,3,3,3,3,3,3,3,3,3,3,3,3,3,3,3,3,3,3,3,3,3
817,3,2,4,4,3,3,3,3,4,2,3,3,3,3,3,3,2,2,3,3,3,2
818,2,2,2,2,2,3,3,4,3,3,2,4,3,2,1,1,2,3,2,2,4,4
819,3,4,4,3,3,4,3,3,3,4,3,3,3,2,3,3,3,5,1,1,5,4
820,4,4,4,4,4,4,4,3,3,4,1,1,1,1,1,1,1,1,3,2,1,1
821,4,4,4,3,3,3,4,4,3,5,1,4,2,1,1,1,4,2,2,4,3,3
822,2,4,4,1,5,3,4,3,3,4,3,4,3,1,1,1,1,1,5,5,1,1
823,2,3,2,2,2,1,2,5,4,5,3,3,3,3,2,4,5,3,1,1,4,3
824,2,4,2,2,4,3,2,2,2,3,4,3,2,3,2,1,4,4,4,3,3,2
825,3,3,3,3,2,2,3,4,3,3,3,3,3,3,3,2,3,4,3,2,3,3
826,1,4,3,3,3,3,3,3,3,3,3,1,3,1,3,3,5,5,5,1,5,5
827,2,3,4,3,3,3,3,4,4,4,4,4,4,2,1,2,3,3,4,4,3,3
828,3,4,3,3,4,3,2,4,4,3,3,3,3,3,3,3,4,4,3,3,3,3
829,3,4,4,4,4,3,3,3,2,2,2,4,2,2,1,1,2,2,4,3,2,2
830,3,4,5,4,4,3,3,1,3,3,1,1,3,2,2,1,3,3,2,2,3,4
831,3,3,2,3,2,2,2,3,5,3,5,5,4,4,3,3,5,5,2,3,4,4
832,3,4,3,4,3,3,3,4,4,3,4,4,4,4,3,4,4,4,4,4,4,3
833,1,1,1,1,1,1,1,1,1,1,1,1,5,3,3,1,1,1,5,5,5,5
834,2,4,3,2,2,3,3,2,3,3,2,2,3,2,2,2,4,4,3,3,3,3
835,3,4,4,3,2,2,3,3,2,4,1,3,3,2,2,3,4,4,4,4,3,2
836,3,4,4,3,4,4,4,4,3,3,1,1,1,1,1,1,2,2,4,4,2,2
837,2,2,3,3,2,3,4,1,2,1,3,3,5,4,3,2,2,2,2,2,2,2
838,2,4,4,3,3,2,3,1,2,2,1,2,2,2,1,1,4,4,1,3,3,4
839,5,5,5,3,3,3,5,2,2,4,1,2,2,2,2,1,1,1,5,5,1,1
840,4,3,3,3,3,3,3,3,3,3,3,3,3,3,3,3,3,3,3,3,3,3
841,4,4,4,3,4,4,4,2,2,3,1,2,2,2,2,1,2,2,3,4,3,2
842,4,4,4,4,4,4,5,2,3,4,2,2,2,3,2,2,2,2,2,2,2,2
843,4,3,4,4,3,4,4,3,3,5,3,2,4,1,3,3,3,2,5,4,3,3
844,4,4,2,4,4,3,4,2,3,5,3,2,4,3,2,2,4,3,1,2,2,4
845,3,3,3,3,3,3,3,2,2,3,3,2,2,2,2,2,3,3,3,4,2,2
846,5,3,4,4,3,3,4,1,1,5,1,1,1,1,1,1,1,1,3,4,3,2
847,3,3,3,4,4,3,4,2,2,3,2,2,3,3,2,2,3,4,3,3,2,2
848,3,3,3,3,1,3,3,3,3,3,2,2,2,2,2,2,5,5,3,3,4,5
849,3,3,2,2,3,3,4,2,2,4,2,2,3,3,3,2,2,2,2,2,3,3
850,4,4,4,2,4,3,4,2,2,2,2,3,2,2,1,1,1,1,3,3,3,3
851,4,4,4,4,4,3,4,2,2,3,2,3,2,2,2,2,2,2,4,4,2,2
852,3,4,4,3,3,3,3,3,3,3,2,2,3,3,1,2,3,2,4,4,2,3
853,2,2,2,3,2,2,2,2,2,2,2,2,3,4,3,2,2,2,4,4,4,2
854,4,3,4,2,4,3,2,3,3,3,3,4,4,4,3,3,3,2,2,3,3,3
855,3,3,3,3,4,3,4,3,2,4,3,3,3,4,3,3,2,3,4,4,3,2
856,4,4,4,3,5,5,5,4,4,3,1,2,1,1,1,1,1,1,4,4,2,1
857,4,3,4,5,3,2,5,2,2,2,1,2,2,2,1,1,1,1,5,5,1,1
858,3,3,4,4,4,2,4,4,3,4,2,2,2,2,2,2,2,2,4,3,2,3
859,3,4,4,4,3,3,3,2,2,4,2,2,2,2,1,1,2,2,4,4,3,4
860,4,4,4,4,4,3,4,3,3,2,2,4,3,2,2,1,2,2,3,4,3,3
861,5,5,4,4,4,4,5,2,1,3,1,3,3,3,1,1,1,1,5,5,3,3
862,3,4,2,3,3,3,4,3,4,4,3,4,4,4,4,3,4,4,2,2,4,3
863,3,3,3,4,4,3,4,3,3,4,2,2,2,2,1,2,1,1,4,3,2,2
864,3,4,4,4,4,4,5,1,1,3,1,1,1,1,1,1,1,1,4,1,3,3
865,4,4,4,3,3,3,3,2,3,4,2,2,3,3,2,2,4,4,2,2,4,4
866,4,2,3,1,3,3,3,1,2,4,4,4,4,3,1,1,2,2,4,4,3,2
867,3,3,3,3,3,3,3,3,3,3,3,4,3,3,4,3,4,3,4,3,3,3
868,3,3,3,4,4,4,4,2,2,4,2,2,2,2,2,2,2,2,3,3,3,3
869,4,4,4,3,3,3,3,2,2,3,1,3,1,1,1,1,1,1,3,3,1,3
870,4,2,4,4,4,4,4,2,3,3,1,1,1,1,1,1,2,2,3,3,2,2
871,3,3,3,3,3,3,3,3,3,3,3,3,3,3,3,3,3,3,3,3,3,3
872,4,4,4,4,4,4,4,3,2,4,1,2,1,1,1,1,2,1,4,4,2,2
873,3,4,4,2,2,2,2,4,3,4,4,3,3,3,4,4,4,5,1,2,4,4
874,3,2,5,4,4,5,5,1,1,2,1,1,1,1,1,1,3,2,4,4,1,1
875,4,4,4,3,4,4,3,4,3,4,2,1,2,1,2,1,1,2,4,4,1,1
876,4,5,4,3,4,3,4,2,4,5,2,5,2,2,2,1,4,4,3,3,3,4
877,5,5,5,5,5,5,5,1,1,1,1,1,1,1,1,1,1,1,1,1,1,1
878,2,5,5,2,4,5,5,4,2,5,2,5,4,2,1,1,1,1,5,3,4,2
879,3,3,4,4,4,4,3,3,3,5,4,4,4,3,3,4,3,4,4,3,3,3
880,4,4,4,4,4,3,4,2,2,2,1,2,1,3,2,2,4,4,3,4,3,4
881,3,3,4,4,4,3,3,1,1,2,2,3,1,1,1,1,1,1,3,3,3,3
882,4,3,4,4,4,4,4,1,2,4,2,3,3,2,2,2,3,2,4,4,3,2
883,3,4,4,4,4,3,4,4,2,3,3,3,3,2,2,2,3,4,3,2,3,3
884,2,4,4,4,4,3,3,3,2,4,2,2,3,3,2,2,3,3,3,3,2,2
885,1,2,1,3,4,1,2,4,4,5,4,3,4,4,4,4,5,5,1,1,5,4
886,4,3,4,3,3,4,5,1,1,1,1,1,3,1,1,1,1,1,4,4,1,2
887,3,3,3,3,3,3,3,3,3,4,2,2,2,2,2,1,1,1,4,4,1,2
888,1,3,4,3,3,3,4,1,4,2,1,1,1,2,2,2,5,5,1,3,4,4
889,2,3,4,3,3,3,5,2,2,3,1,1,1,1,1,1,2,2,5,4,3,2
890,4,4,4,3,3,3,4,3,2,3,2,4,2,2,2,2,2,2,4,3,3,3
891,4,3,3,3,3,2,4,2,3,5,3,3,2,2,3,2,3,2,4,4,3,2
892,3,3,4,3,3,3,4,3,3,4,2,2,3,2,2,1,3,3,4,4,3,2
893,4,4,4,3,3,3,3,3,3,3,3,3,3,3,3,3,3,3,3,3,3,3
894,2,2,4,3,2,2,2,1,1,1,1,2,3,3,2,2,4,5,1,1,3,5
895,3,4,4,3,3,3,5,2,2,5,1,1,1,1,1,1,1,1,4,4,1,2
896,2,3,3,2,4,4,2,3,4,4,3,3,4,3,3,3,2,3,2,4,4,3
897,5,4,4,5,4,4,4,3,2,3,1,1,2,2,1,1,1,1,4,4,1,2
898,4,4,4,4,4,3,4,3,2,3,2,2,2,2,2,2,2,2,4,4,1,2
899,4,4,4,4,4,4,4,2,2,3,2,2,1,2,1,1,1,1,5,4,3,2
900,4,3,4,4,5,4,3,5,5,5,4,3,5,5,4,5,4,5,5,5,3,1
901,3,3,3,4,3,3,4,3,3,4,3,5,3,4,3,3,4,4,3,4,3,5
902,3,4,4,4,4,3,4,3,2,4,2,2,3,2,1,4,3,1,2,2,3,2
903,2,2,2,2,3,2,2,4,4,2,4,3,4,4,2,4,3,2,4,4,2,2
904,2,4,4,2,4,4,5,1,1,4,1,2,1,1,1,2,2,2,5,5,1,1
905,4,4,4,3,4,4,4,2,2,2,2,2,2,2,2,3,2,4,2,4,3,2
906,4,5,5,5,5,5,5,3,4,4,3,3,4,3,4,3,3,4,3,3,4,2
907,2,4,3,2,3,3,3,4,3,4,3,3,3,3,3,3,4,4,1,2,4,4
908,4,4,4,4,4,2,4,2,2,2,2,2,2,2,2,1,2,2,4,4,2,2
909,1,2,1,2,1,1,1,4,3,3,5,5,4,3,3,4,5,5,1,1,5,5
910,4,4,4,4,3,3,4,1,2,3,2,2,3,3,3,3,3,3,3,3,3,3
911,3,4,3,4,3,4,4,2,2,3,2,2,2,2,1,1,2,1,4,3,2,3
912,3,2,4,2,3,2,2,4,4,4,4,3,3,3,2,4,4,4,2,2,3,3
913,4,3,3,4,3,3,4,2,2,1,1,1,3,1,1,1,2,2,5,4,2,2
914,4,5,4,4,4,3,5,1,1,1,1,1,1,1,1,1,1,1,1,4,1,1
915,2,3,4,3,3,3,3,3,2,3,2,2,2,1,1,1,2,2,4,3,2,3
916,2,2,2,2,2,2,2,2,2,2,2,2,1,1,1,1,1,1,1,1,1,1
917,2,3,3,3,2,2,2,4,3,4,3,3,2,2,2,1,3,3,4,3,2,3
918,3,5,5,5,5,4,4,1,1,5,1,1,3,1,1,1,2,1,5,4,1,2
919,4,3,2,4,5,3,5,2,3,3,1,3,3,3,3,2,1,1,4,4,1,2
920,2,4,4,3,2,3,4,4,4,4,3,4,4,2,3,2,2,2,4,4,2,2
921,2,3,4,4,3,3,3,3,3,3,2,3,3,3,2,3,3,3,3,3,3,2
922,2,2,4,3,3,3,3,2,2,3,2,2,2,2,2,2,2,2,4,4,2,2
923,3,3,3,3,3,3,3,2,3,3,2,2,2,2,2,2,3,3,4,3,3,3
924,1,2,1,2,3,1,2,3,2,3,3,3,4,3,1,1,5,4,2,2,4,3
925,4,2,4,4,4,3,4,3,3,3,2,2,2,3,1,3,1,1,5,5,2,2
926,3,3,3,3,3,3,3,3,3,3,3,3,3,3,3,3,3,3,3,3,3,3
927,4,4,4,3,2,2,4,2,2,3,1,1,2,1,1,1,4,3,5,5,2,1
928,3,3,4,2,4,4,4,1,1,4,1,1,2,1,1,1,1,1,4,4,1,2
929,5,5,4,5,5,5,5,1,1,3,1,1,3,1,2,1,2,1,5,5,1,2
930,3,3,3,3,3,3,3,3,3,3,2,3,2,1,1,1,3,3,3,3,3,3
931,2,1,1,1,1,1,1,5,5,5,4,5,4,4,3,4,5,5,2,1,5,5
932,3,2,4,4,4,3,4,1,2,2,2,2,2,4,1,1,1,1,5,4,1,2
933,3,2,3,3,3,3,3,3,3,1,3,3,3,2,1,1,3,3,3,3,3,3
934,3,3,4,4,3,3,3,3,3,4,3,3,3,3,3,3,3,3,3,3,3,2
935,4,4,3,4,4,3,3,3,4,3,4,2,4,3,2,4,3,3,3,4,3,4
936,2,1,1,2,2,2,2,4,4,4,4,3,2,4,2,4,4,4,1,1,5,5
937,4,4,4,4,4,4,4,2,3,3,1,4,3,2,1,1,1,1,4,4,2,2
938,2,2,3,3,2,2,2,3,3,4,3,3,3,3,3,3,3,3,3,3,3,3
939,1,3,2,1,1,1,1,1,1,1,1,1,1,1,1,1,1,1,3,3,5,5
940,1,2,1,1,1,1,1,5,2,2,5,2,5,5,3,4,3,5,4,4,5,5
941,3,3,3,3,3,3,2,4,4,3,4,3,2,3,3,4,4,4,2,2,4,4
942,3,2,4,3,2,3,4,3,4,2,2,2,3,2,1,1,3,2,4,2,3,2
943,2,3,2,2,2,1,2,4,4,2,3,4,2,3,2,2,4,3,2,2,4,4
944,4,4,4,4,4,4,4,4,4,4,2,2,2,2,2,1,1,1,1,1,1,1
945,2,2,4,2,3,1,3,2,2,2,1,2,2,2,1,1,1,1,1,1,1,1
946,4,4,4,4,4,4,4,3,2,3,1,1,2,1,2,2,2,2,4,4,3,1
947,2,5,3,1,3,3,3,3,4,4,3,4,4,3,5,3,4,5,1,2,5,2
948,2,2,1,3,3,2,2,4,4,3,3,2,2,2,2,1,5,5,1,1,5,5
949,2,3,2,3,2,2,2,3,3,2,3,3,3,3,3,4,5,5,2,2,5,4
950,3,4,3,3,3,3,4,3,3,3,2,2,3,2,2,2,3,3,2,2,3,3
951,4,4,4,4,4,3,4,3,4,4,3,3,2,2,2,3,2,2,4,4,3,3
952,2,2,3,3,3,2,3,3,3,4,3,2,2,2,2,2,3,2,4,3,2,2
953,1,1,1,1,1,1,1,5,5,3,4,5,3,3,2,5,5,5,1,1,5,2
954,5,5,5,1,5,4,5,1,4,5,1,4,4,1,1,1,4,4,2,4,2,1
955,2,2,3,2,2,1,3,4,4,4,3,4,4,3,4,5,5,5,4,2,4,4
956,1,3,2,1,1,5,5,5,5,5,4,5,5,5,3,3,5,5,1,1,5,4
957,2,2,3,3,3,3,3,4,4,3,4,3,4,3,3,3,5,4,2,1,5,3
958,3,4,3,4,3,2,4,2,2,4,1,2,1,1,1,1,1,2,2,2,2,2
959,1,3,2,3,3,4,2,2,2,2,3,4,3,3,3,2,5,4,1,1,3,4
960,1,2,1,1,1,1,5,5,2,3,3,3,1,1,1,4,1,5,1,1,5,5
961,4,4,4,4,4,4,4,2,2,4,2,2,2,2,2,2,3,1,4,4,2,2
962,1,3,2,3,3,1,3,2,2,3,3,2,2,2,1,2,4,5,1,2,4,4
963,4,3,3,3,3,3,3,2,2,3,3,3,3,3,2,2,4,3,3,3,3,3
964,4,4,4,4,4,3,4,2,3,3,1,3,3,3,2,2,3,3,4,4,2,2
965,2,2,3,3,3,3,3,2,3,3,3,3,2,3,3,3,4,4,2,2,3,4
966,3,3,3,4,4,4,4,1,2,3,1,1,1,1,1,1,1,1,1,5,2,2
967,1,1,1,2,2,1,1,4,4,3,3,4,1,2,3,3,5,4,1,2,4,4
968,2,2,3,3,3,2,2,2,3,3,2,2,3,2,2,2,4,2,2,3,4,3
969,2,3,2,3,3,2,2,3,3,1,3,3,2,3,3,2,4,3,2,2,4,3
970,4,4,4,4,4,3,4,3,2,3,2,2,2,3,1,1,2,1,4,4,1,2
971,3,4,4,3,4,4,4,1,2,2,2,2,3,3,2,2,2,2,4,4,2,2
972,3,3,3,3,3,3,3,3,3,3,3,3,3,3,3,3,3,3,3,3,3,3
973,2,2,3,2,3,3,3,3,3,3,3,3,1,3,2,3,4,3,3,5,3,5
974,3,4,4,3,5,3,5,2,2,4,1,2,4,3,2,2,2,2,4,4,2,2
975,2,3,4,1,4,2,4,2,2,3,1,2,2,3,1,1,5,2,2,2,5,2
976,4,4,4,3,3,4,4,1,2,4,1,1,2,3,2,1,3,2,4,4,2,2
977,3,4,4,3,3,3,4,4,4,4,3,4,4,2,4,3,4,4,2,2,3,4
978,4,3,4,4,3,4,5,2,2,4,1,1,1,1,2,1,1,1,4,4,2,2
979,4,3,4,3,4,3,4,2,2,4,1,2,3,3,2,1,3,2,4,4,3,2
980,2,2,3,1,2,2,2,3,3,3,4,4,3,3,3,3,4,3,3,3,3,3
981,3,3,4,3,3,3,4,3,3,3,2,2,3,2,2,2,3,3,3,4,3,3
982,4,4,4,4,4,4,4,2,1,2,4,2,2,2,2,1,1,1,4,4,1,2
983,2,3,4,4,4,1,2,2,1,3,1,2,3,3,1,1,4,3,4,3,2,3
984,1,4,3,3,2,3,3,3,3,4,4,4,3,2,2,2,5,4,2,2,3,3
985,1,4,4,2,2,2,3,2,4,4,1,1,1,1,1,1,2,4,4,4,4,4
986,2,4,2,2,3,3,3,3,4,4,5,5,4,2,2,3,3,3,4,3,3,4
