"性別","学歴","能力","就労期間","残業時間","平均月収"
1,0,-0.197786785684076,12,17.2,29.8030287087729
1,0,1.76883730937934,32,15.4,47.3573967098623
1,1,-0.0668502822676006,16,17.6,38.3398310458891
1,1,-2.68794879771868,35,21.9,52.7118348498521
1,2,1.30392691315194,38,37,72.4821603406577
1,2,0.0119368439431445,2,20.1,30.8392421376732
1,2,0.375146194494234,21,31.8,52.3640759562785
1,1,0.487204098231265,36,27.3,59.4043459317381
1,1,-0.62189060172289,22,19.9,43.3906371789236
1,2,0.360580154123614,18,5.7,41.1949498159845
1,1,-3.02681824067745,38,15.8,52.6101797762393
1,0,-1.04872320680479,18,16.1,33.3526155305749
1,0,-0.0618797040569601,27,21.5,43.1661770741691
1,1,-0.0358306025771917,23,34,49.2818280704204
1,1,0.0740909542435228,4,43.9,33.7607943170694
1,1,-3.08650129039957,36,36.5,58.3731304042346
1,1,0.0334627781775054,10,19.7,33.9505066958037
1,1,0.00630504771622182,2,3.4,24.1037725865644
1,1,0.347636209641441,13,17.1,36.187457072416
1,1,-0.0303212770488118,38,21.9,58.4076809923074
1,2,-1.88602467793078,36,29.5,63.2603085914927
1,1,-0.100981204222862,28,30.6,52.6903608791167
1,2,2.5674243811694,26,27.8,58.4750881539124
1,1,1.5122940363278,40,7,55.6604089153171
1,2,-2.70603122487867,26,29.5,52.6085811022712
1,1,2.18506785287739,28,16.5,50.5080465966652
1,1,0.512208830041543,22,22.7,45.5679673826298
1,1,-0.0378617435351888,24,21.7,46.3274754262098
1,2,-0.00503658136032865,12,25.3,41.2995189834494
1,1,-0.0105581632362015,6,21.2,30.8359820008689
1,0,0.764048883501804,39,4.3,47.6466264657889
1,2,-1.27857062610167,36,28.4,63.555668701309
1,0,0.425223575938957,28,24.9,45.5901649872595
1,1,-1.86732343654661,32,18.3,49.8518646515901
1,1,0.000391879619138591,1,22.2,26.7621488285449
1,1,0.782338852311257,19,22.3,43.1827571681193
1,1,0.897304781036345,30,23.2,53.1010557471601
1,1,0.163947299920776,9,37.4,37.320153987497
1,0,-0.360963320560637,13,18.8,30.7554467910841
1,1,0.00868984946168258,9,22.7,33.7619453590716
1,1,0.0435078552968983,6,32.7,33.3270609622656
1,2,-0.604331090988754,17,31.5,47.132766788796
1,1,0.886016829313447,17,32.5,44.4612497068517
1,2,-0.455875406252035,15,15.2,40.6457760305087
1,2,0.0115963590973364,6,41,39.4179901807895
1,1,0.0107021398439949,6,21.7,30.9662713027923
1,1,0.0192962744680042,9,39.7,37.6576492793927
1,1,-0.148733069728147,19,7.5,37.8618030598423
1,2,0.106595957800944,11,21.2,39.3925390251178
1,0,-2.33393978325156,34,33.5,50.029443224587
1,0,-0.0100980951377477,2,13.8,21.5278105520906
1,1,-0.41524467006326,18,13.5,38.4702346919865
1,1,-0.11493203430406,32,11.6,49.4384427531845
1,1,0.0615165558441382,5,10.5,27.8685229783143
1,1,1.50435527245696,22,16.6,44.8117849426614
1,1,0.040034047577752,8,24.3,33.2929840903721
1,2,0.0186785303995111,5,0.9,29.1266268419796
1,1,-0.429342290091505,30,23.1,51.4937656765023
1,1,0.121935490772303,36,33.4,61.3183995798726
1,0,-0.618760106446947,15,41.4,37.1037017950639
1,2,0.413837776998845,27,34,59.0985620053303
1,1,-0.0167774817224179,4,28.6,30.5937958965353
1,0,0.147439737643583,15,3.7,29.4943199472096
1,1,-0.0819675414014178,11,15,33.5372022163405
1,2,-1.41070942561837,33,17.5,56.2265627464148
1,1,-0.138999680200888,18,28,42.8312017336244
1,1,-0.735626463298208,32,19.9,51.7194920520451
1,0,2.19457595824394,32,8.4,45.4532723312804
1,1,0.41945200872568,32,37.8,59.6054610046495
1,0,0.274363525994519,18,30.1,38.2994062084205
1,1,-2.18658775935696,30,23.4,49.512180588606
1,1,1.83169834865698,25,33.2,53.2443092880578
1,2,0.24464013098112,28,7.6,49.9437266202385
1,1,0,0,27.6,26.8513902205177
1,1,0.218441474235603,19,15.8,40.6441891195929
1,2,0.138046291286047,9,27.8,39.3008529938887
1,1,-0.609566577421733,15,20.4,37.6116450063159
1,1,2.06822638003291,25,27.3,51.5487119998388
1,1,-0.0606458953936055,14,34.4,40.9982945104746
1,1,0.0351233245410809,4,21.1,29.1621631307716
1,2,0.0141484787929576,10,31.2,40.994089614446
1,1,-0.474484743610441,27,9.1,44.2336231889011
1,1,-1.03829043027553,17,13.8,37.0512365117363
1,1,-2.20579167714167,32,36.2,55.6356907556441
1,0,-0.00129508260087326,4,24.8,24.9198928524542
1,2,0.468440778580234,17,0.5,38.883156505564
1,2,-5.60374720693618,39,7.4,52.7616049077064
1,1,3.49020443463232,36,19,59.6292159739261
1,1,3.35548039774182,35,29.7,62.9851605496508
1,1,-0.109689819423899,7,20,31.3148372148644
1,2,0.0231186427688539,5,27.2,35.2087436594141
1,0,-1.36810533321159,26,30.6,43.347842068544
1,2,-0.0480467691531311,14,37.7,46.677103732628
1,2,1.22916045497942,26,21.6,54.5356694500861
1,1,0.287329487820201,13,20.5,36.9821493543935
1,1,-0.106409605780867,8,3.5,28.5091382240351
1,2,-0.727495062866315,31,22,56.9692443795829
1,1,-0.0305806309806593,4,15.3,27.9319898096233
1,2,0.239997484941944,19,11.3,43.6767917609075
1,1,-1.221042858267,20,19.2,40.8062180647218
1,2,-2.965314015011,24,31.1,50.8814895494917
1,1,0.486353941411728,13,1.1,32.2573861348885
1,1,1.78054780629122,20,16.7,43.5016340028801
1,0,-1.28651384923081,38,22.2,50.9961275102057
1,0,0.537965228792624,19,12.1,34.9159404546506
1,1,-0.0190384370084052,36,24.3,57.630898970955
1,0,3.95182079124165,37,25.1,57.4481830624159
1,1,0.624955261761651,24,20.7,46.7844612853991
1,2,0.102084080927752,16,3.7,38.6930916799964
1,1,-0.126814953443694,6,46.7,36.0488365460304
1,2,2.90280588582583,37,18.9,65.3343705330143
1,2,-0.0989218684642802,12,27.5,41.7888797344219
1,1,-0.010991910997519,2,23.7,27.8892565047052
1,0,-0.57053861129298,38,31.2,55.0051660493626
1,0,-0.208758564819941,29,29.2,46.9779804085522
1,1,0.0746598570178263,6,18.9,30.4494910434803
1,2,-1.10628605392754,22,24.8,49.1883584480107
1,1,-1.57662278939689,38,11.5,52.5887434451983
1,1,1.54133651705744,23,29.6,49.8695880423443
1,1,0.681014661645156,16,16.4,38.8634167106303
1,1,1.53960879252823,26,45.2,57.8750443743617
1,1,0.54979042530535,13,4.5,33.1917483744414
1,1,0.0575257739518397,12,16.4,34.8556163994936
1,2,-0.0922837138462283,9,29.3,39.4020058929315
1,1,0.244590179596486,15,26.1,40.1167602314299
1,0,3.15293833310309,39,15.1,54.2985708740895
1,2,0.170128725173306,6,11,32.4735820327549
1,1,-0.0615577157205044,4,22.4,29.3073805007054
1,2,0.0192594469027426,6,20.9,34.6586276351439
1,0,1.00513640642665,28,3.1,39.5613198744669
1,2,-0.0668137469006638,25,21.3,51.9949221686555
1,2,-3.95299956596753,36,22.9,58.115561555312
1,1,1.05838352092506,27,22.7,50.5251932518694
1,2,-1.28287728331429,29,10.4,50.1874429168577
1,0,0.436791400069882,21,25.8,39.967481861254
1,0,1.20121829079913,26,34.8,47.8004065020472
1,1,2.73767711587611,33,25.6,58.8148018695229
1,1,-2.93127615903015,31,9.6,44.8970919208141
1,1,3.22148941158247,39,16.6,60.8126041785389
1,2,-0.480213159486425,18,24.5,46.1078435486678
1,1,-0.3634342340265,12,14.5,33.9180598823575
1,0,0.658787219173592,16,0.6,30.0019261799558
1,2,0,0,29.8,30.952380952381
1,0,-0.023273450974088,7,12.7,25.1980306970974
1,1,1.71914596091904,34,15.3,54.472742423064
1,0,-0.136443169532949,9,36,31.1137649312725
1,2,-0.029571382313896,10,13.3,36.2527448578205
1,0,-0.0016515572671422,3,29.5,24.8354951274614
1,1,-0.054967785774796,10,8.4,31.2077860541061
1,1,1.20879967747094,29,17.5,50.5838891178332
1,1,3.47959023334839,34,20.3,58.457801177236
1,2,-0.356952643404498,20,9.3,43.2333025532745
1,1,-0.0163696513094794,16,14.7,37.617412436624
1,1,0.320470577286181,10,20.7,34.5193499393014
1,1,-0.0103080174028029,4,27.7,30.4226231740157
1,2,-1.30524240356219,16,4.5,37.4753840680259
1,1,0.532364337119251,23,17.5,44.820457784703
1,0,-0.140589196977324,9,28.6,29.6800176180311
1,1,-0.633451905275757,18,15.6,38.8074601295413
1,2,0.22533412640956,9,23.3,38.2481807638763
1,0,1.91723308260342,20,25.9,40.9358998838133
1,1,-0.399027158468256,14,23.7,37.8465165962801
1,1,1.36464545025961,26,27.5,51.648558440689
1,2,-0.0414759874381362,15,19.8,42.4578111286431
1,2,0.0544200592423465,14,16.9,40.8319440205814
1,1,1.05535305865372,21,5.4,40.041480467704
1,0,0.376529585646651,30,20.1,45.7001812688641
1,1,-0.135022098861249,9,25.3,34.1828601390647
1,1,-0.266181098113815,17,26.4,41.3457749502227
1,1,0.162554489450565,11,15.4,33.9075220440809
1,2,-2.85855746398867,25,38.8,54.5504228044456
1,2,0.105077801394749,7,23.9,36.4016498647803
1,1,-3.75881149380866,35,22.3,51.5935495136064
1,2,0.0386461336430893,30,33.7,61.4810109043667
1,1,-0.271709457255839,27,13.8,46.0072295766997
1,2,1.5823616313249,25,16.5,52.1574572442752
1,2,0.0831958752811449,15,45,50.0082183615999
1,2,0.0880204118322877,21,21.1,48.4588739648018
1,2,1.67447962038384,35,37.3,70.0598750329783
1,1,-0.856589385896693,23,6.6,39.9337342802353
1,1,-0.443397864510884,34,19.1,53.453888015865
1,2,0.332015534378124,12,24.8,41.5661125721903
1,0,1.04915990029786,28,24,46.0603123260501
1,1,-0.302181988698015,11,10.9,32.3167698834911
1,1,0.719477675663011,24,21.2,47.0553687488817
1,1,-0.973712910085245,19,10.2,37.7401839284984
1,2,-0.141747718806613,11,28.1,40.9455620375176
1,2,1.25422405230195,23,31.8,55.4228619946414
1,2,-6.03380849318834,37,1.2,48.2847360083151
1,0,-4.51427775616931,36,33.4,49.0093330056072
1,1,0.308312346264834,11,8.6,32.4229199379705
1,1,-0.269611083568372,13,25.5,37.5812064089932
1,1,3.70383100016609,39,27.6,66.1201216329927
1,0,-0.20589199963084,25,19,40.6519543730682
1,0,1.14663026288417,37,14.5,50.2653594000831
1,0,0.574844743447877,19,22.7,37.6559167766555
1,0,-0.326412014687774,16,25.4,34.7332007595766
1,2,-0.403150790934546,26,29.8,55.561813306462
1,1,-0.0292587747813977,6,0.5,26.4560094467959
1,1,2.9167901369754,23,4.6,43.2396379687914
1,2,0.0246990942654221,10,35.3,42.0825440769082
1,1,1.33674606037908,38,31.5,63.9316318138302
1,1,-0.384296760929161,24,25.4,47.0779121098954
1,0,-0.208776658379942,21,28.2,39.8118728960599
1,0,0.691083978036447,16,30.2,37.1035379260766
1,2,-0.812812909925074,35,5.6,53.7908643647986
1,1,0.00887086793301466,15,32.1,41.4118890435534
1,2,0.106283076525214,12,16.2,38.927403129575
1,0,-0.0414195979366034,7,23.3,27.1139728866278
1,2,0.187952714238002,7,18,35.0556160959597
1,1,-1.00966901979625,19,29.7,43.1325571715752
1,1,0.393803163719656,10,17.5,33.8456212794523
1,1,-0.0557606373853242,9,26.2,34.483183684287
1,0,1.93708879581777,27,17.1,44.1432107070393
1,1,-0.0156572393416704,2,10.1,25.3362240476721
1,0,1.46762277089281,28,33.1,49.3995044720478
1,2,0.336339439575885,14,28.4,44.4832493156062
1,2,-0.637182017582062,16,38.2,48.0875898498545
1,0,-1.63823452231063,33,21.7,46.3035704542462
1,1,0.518733195130083,37,32.3,62.3105970669957
1,0,0.270989695847321,11,40.8,34.437084131694
1,1,-2.16570565900883,38,18.2,54.4922566053411
1,2,-0.36905585297857,29,7.8,50.1956338589643
1,1,2.24286675766088,27,18.6,50.4846925941301
1,1,-0.008829204188681,2,18.9,26.9924549763868
1,2,0.475070184237826,16,22.5,44.7782491483266
1,1,0.317199964117977,19,38.1,47.2029583424569
1,2,-1.04792817292673,22,17.7,46.9260992426948
1,1,-1.02520439296932,28,24.7,49.587897648367
1,1,2.09953427222922,37,18.7,58.7457462480257
1,0,0.304657915400431,25,21.2,41.869365072691
1,1,0.806392576296002,17,24.1,41.9974333328375
1,1,-0.570282223289782,22,34.3,47.7637455790525
1,0,-0.0134275948011211,2,22.2,22.8252261875208
1,0,0.205160343526608,10,28.1,30.8640370265971
1,2,-0.305064170361092,16,28.8,45.7290917252413
1,1,0.0150798056887923,8,30.1,34.5540083943052
1,0,3.66537305892872,33,15.3,50.2376502065926
1,0,-0.0176508270700213,6,37.3,28.7931004045558
1,0,3.10678290789062,32,17.2,49.4856632691539
1,1,-1.03970740039035,22,19.9,42.906388978103
1,0,1.22498918550991,26,35,47.8905901881693
1,2,0.0236779288706265,7,33.9,38.7402829287805
1,1,-0.901605851442984,25,10.1,42.5236800298324
1,1,-0.360893747294111,12,12.3,33.3865543743764
1,1,0.126204870308452,29,7.4,45.856063579483
1,0,0.127898228071017,16,22.8,34.670468375083
1,2,0.826252571127746,39,22.6,66.4025749433512
1,0,1.59878809724744,39,24.6,56.1166707050477
1,1,-0.758256043715128,29,26.5,51.3915395366744
1,0,-0.100169973438913,10,15,27.8839899051039
1,0,0.0375771102200361,9,11.1,26.4959911875885
1,2,-0.610796189626665,24,31.3,53.8899490905322
1,2,0.288851106481579,11,28.5,41.5810775089642
1,0,0.150359441993218,21,5.9,34.3989142574915
1,1,-1.157688720546,31,20,50.4189893362539
1,0,-0.173353402371523,7,12,24.9056155906897
1,1,-0.322637311261624,16,0.3,33.437318016372
1,1,1.4461744884095,19,22.5,44.0244992406403
1,0,-1.34498937620209,35,20.2,47.797158391461
1,2,-2.24085227918868,37,20,59.8676532690394
1,1,1.56609541110571,35,23.2,58.2203892233273
1,1,0.629881064495017,27,29.8,52.42080512747
1,1,2.12507673672019,38,23.1,61.4374902283967
1,1,-0.240020493574319,21,14.8,41.4758192051721
1,0,1.16280140232353,23,13.7,39.1226638121336
1,0,-0.388010733020224,13,19.7,30.9164171078195
1,1,-0.0187569583668093,14,24.1,38.401706107336
1,2,-0.00137867876673213,1,10.6,27.9618538716094
1,0,0.533159331966101,20,19.2,37.5238645027375
1,2,0.311821381624723,35,30.7,65.5167663833495
1,2,0,0,19.9,28.974912112496
1,1,0.0362741652540378,3,14,26.9361482329558
1,2,0.0134944988284044,7,18.2,34.9047632738258
1,1,-1.00593456850309,31,32.1,54.8124043604762
1,1,-1.35603932266334,29,26.5,50.6671882096906
1,1,-0.78333032050923,39,33.4,62.9459759058809
1,1,-0.0491962231852871,19,22.4,42.231685884522
1,2,0.0350988201640335,3,25.1,32.8649916004942
1,1,-1.49446805736682,26,15.4,44.3439307275209
1,1,-1.92642862330793,30,27.1,51.0618087073756
1,1,-0.0199695637270744,5,15.9,28.8860026633162
1,2,0.294507021835802,16,6.8,39.8268132518493
1,2,0.130224052692355,9,22.3,37.8784918409237
1,1,-0.00711080007925522,2,40.5,31.04191135234
1,1,0.0636765535039256,16,29,41.5622018015993
1,0,-0.000755844698411239,3,32.7,25.3504848382543
1,1,0.189553504236005,9,24.6,34.4121982485969
1,2,0.00853038026645562,2,14.9,29.7314506636315
1,0,-0.445734785244318,27,19,41.9882300524064
1,1,0.012967771004154,12,18.3,35.2723710165249
1,1,0.0204480785456622,4,16.3,28.1885249695675
1,2,-0.0291372551986989,3,28,33.4206754393877
1,0,-0.744185303060975,35,9,44.7583900586556
1,1,1.01302041250488,30,29.7,55.5707122170063
1,1,-1.11564537102962,33,29.6,55.6106673248598
1,2,-0.178439848221805,39,9,59.2138679287517
1,0,-0.000658110697836297,4,27.4,25.3527292955572
1,2,-0.0226701472606371,4,45.3,38.2667852884144
1,2,-1.9938836017369,32,15.4,53.8679875434633
1,1,-0.376070142912684,31,29.4,54.6491482798931
1,0,0,0,13.2,19.8983700862895
1,1,1.56943308166046,31,32.1,58.0482809717316
1,2,2.51917219454218,29,23.5,59.5532865008041
1,2,-0.0145897152997446,25,37.5,57.8139728100778
1,1,0.281790788087631,19,6.4,38.0003962614318
1,0,-0.00496333379600727,6,20.5,25.8303694534937
1,2,0,0,15.7,28.1359859379994
1,0,0.13860895689381,18,19,35.4049046598419
1,2,0.185297831967854,20,14.7,45.5755173759909
1,1,0.557835147167436,16,12.7,37.711952328128
1,2,-0.69793260901928,19,26.8,47.4991160173652
1,2,2.38411737423615,29,10.1,54.0392850434578
1,2,0.00273419285579706,2,35.8,34.1605760281405
1,1,0.0693922914166346,14,9.1,34.6370550419111
1,1,-1.12325760597484,32,22,52.0124561417765
1,2,-0.349422861217564,33,26.3,60.9792011300734
1,1,0.0731659980387166,10,26.9,35.6861906492631
1,2,-0.791971400970585,14,18,40.1799981962053
1,1,-1.36148598785521,34,21.8,53.3763440334356
1,0,1.32633459293733,34,30.6,53.6701651981138
1,1,-0.083028041568636,12,6.4,32.24562504675
1,1,-0.0564264390904535,6,13.2,29.0997893727025
1,0,-0.975817047553828,28,24.2,43.7055606086398
1,2,0.00738539562272016,4,16.6,31.8579270828018
1,0,-0.00320093676931002,1,34.7,23.8803954797704
1,1,2.7293315072789,40,27.7,65.8647939773302
1,0,-0.00424668780358243,1,21.7,21.9371870520068
1,2,-0.193161676924519,14,5.9,37.4109893785736
1,2,-2.11000133588102,37,21.3,60.5569255700453
1,0,-1.5279434599669,25,17.8,38.8034931524699
1,2,-0.255370462301568,11,20,38.649754104285
1,0,0.440677358347244,30,9.2,42.3398003345121
1,1,-0.255384426161389,33,26,55.3560282050291
1,1,-0.0995507150008967,13,10.6,34.048956495138
1,1,-1.81758525730101,20,18.7,39.9792120876053
1,2,-2.03288633677389,28,24.8,53.6854807041977
1,1,-0.173795613138447,26,13.2,45.1098309281413
1,0,-1.16215073892787,26,26.8,42.5403609277127
1,2,-2.3728236795086,39,7.8,56.3530885552296
1,1,0.593883139754954,17,7.1,36.9895620331095
1,1,0.0085948750196187,5,25.6,30.9067574573183
1,1,-0.901318552202717,21,29.4,44.9857542711054
1,2,-0.0743327402113816,9,18.1,36.5654865103653
1,1,-0.201376515298681,19,26,43.0782128950739
1,1,-0.299697952494177,15,9.4,35.1024659916298
1,2,-2.87100707403884,39,19.7,60.820127159274
1,1,-0.0259661648848884,16,1.6,34.0842547853882
1,2,0.117549611621618,9,32.8,40.5596623254374
1,1,0.27760449868609,25,39.6,53.3503365068993
1,0,-0.00979699720606524,5,31.7,26.933151510213
1,0,1.15495098412169,39,20.7,54.1380564920421
1,1,0.685517114639721,21,20.7,44.3028389768404
1,1,-0.0134809162618963,7,5.8,28.3521903100539
1,2,0.557780278605064,25,28.9,55.4618219057358
1,2,-3.41158197455823,39,18.9,59.8620381970689
1,0,-0.356339658071244,27,14.4,40.7481083199071
1,1,-0.237825990352544,17,6.9,36.0560666324228
1,2,0.0647444600065103,13,18,40.267747018972
1,0,0.761883340426118,33,12.5,46.0427202032843
1,2,-0.00871340705479242,6,17,33.7014229949911
1,2,-0.0960138857684769,8,8.8,33.3337198774565
1,1,-2.35916510949674,36,37.9,59.8262331195706
1,0,0.0785278475836437,12,20.8,30.8789223764246
1,2,0.597742329671236,15,31.7,46.744358116269
1,1,-1.48107415244747,31,5,44.8726764806443
1,1,-0.0482189114570116,8,16.5,31.4556064957095
1,0,0.000647459381167822,1,14.2,20.822325263178
1,1,-0.277996742703652,16,8.8,35.7504982130666
1,2,0.0859301858372191,19,36.5,51.5435656267373
1,1,-0.0269322867052176,17,6.8,36.2511154957365
1,0,-0.297894467454877,14,24.2,32.8197066342357
1,1,1.99421289226482,35,29.5,61.2216999514036
1,1,0.536880012541639,18,22.8,42.1760240224965
1,1,0.884303964650124,21,12.2,41.9392520979893
1,0,3.77616672885976,39,30.4,60.9962327927567
1,1,-0.952770222449663,31,22.7,51.5988749992697
1,1,-0.0582039727616859,8,10.4,30.0902865887858
1,0,0.0736494411827432,12,7.1,27.975430449751
1,1,1.87641737057445,39,41.9,69.8705056402059
1,0,-0.351771511659048,23,14.2,37.5771262554745
1,1,-0.74600306323685,30,2.4,43.9814944810923
1,1,-0.272373987064213,15,26.3,39.5442092994507
1,1,2.78891073304876,31,24.1,56.5495894536182
1,1,-2.37687072724804,22,7.5,37.821380068099
1,2,-0.449184127687134,37,1.6,54.0936003513453
1,1,0.0036661453574192,7,19.8,31.4029805403564
1,1,-0.251035487101603,11,32.4,37.4878047990753
1,1,0.0120743770922123,4,27.4,30.3901986814413
1,2,-0.246494683278327,8,16.1,34.9803656203268
1,2,2.8439521681088,39,12.7,64.17600228424
1,0,-0.468978314398337,12,23.7,30.8412582943326
1,1,-3.62712136697062,29,22.6,46.6830916172613
1,2,-1.43672151711737,31,27.3,58.1570808365315
1,0,0.00507755140910394,4,17,23.6309509804116
1,2,-0.12757425866403,10,30,40.5037837809659
1,1,-0.132502464013589,11,12.7,32.9312001463014
1,0,0.0104384333588201,4,17.7,23.7534294869738
1,1,-0.0518321469231968,5,28.4,31.4066367491089
1,2,-0.268943992252899,40,30.9,69.7395381956617
1,1,1.48287307835946,39,1.6,52.6170197460278
1,1,0.0799821685285295,5,22.1,30.2732276616931
1,1,1.21661703078631,36,27.1,60.2137656528246
1,0,1.7760845530756,23,6.5,37.7392560902679
1,2,0.227140945182363,16,25.8,45.4799456462506
1,2,-0.00205610315078531,18,12.7,42.9991286802463
1,2,-3.46387309199612,28,31.2,54.1889677479665
1,2,-0.0215804945054436,3,26.4,33.0806939937101
1,2,-0.122405161021498,14,28.7,44.0062155794601
1,2,1.01666137015213,27,22.2,55.4267882670631
1,1,-0.106718217971423,13,29.6,38.8053426700762
1,2,1.15917774298131,33,34.8,66.3294380933788
1,2,-0.168714924639959,9,40.7,42.2088058692811
1,2,-0.214694032234946,20,20.7,47.0645631867866
1,2,0.051411590564094,11,1.5,34.034472611544
1,1,-0.045034428054778,8,21.3,32.5251730398458
1,1,0.319008436502991,38,23.1,59.2980871747837
1,2,-0.221947353541952,13,19.4,40.3304066041225
1,0,0.264596052559104,19,26.7,38.2981747886036
1,1,-0.000158702254846729,1,31.1,28.3777964300548
1,2,-0.0445864424841457,22,15.8,47.4319966048852
1,1,-2.57937776722796,26,18.1,43.9539241056801
1,0,-0.759753377794032,24,25,40.8395927835606
1,1,-0.492916191357285,13,15.5,34.8358086331391
1,2,-4.07453596905023,36,21.9,57.5802456087526
1,1,-0.604377164246653,25,1.4,40.0890861784352
1,2,-0.0453365001847772,12,9.8,37.0014939751923
1,1,0.142151157595543,16,7.7,35.9029322690807
1,2,0.0769193587606143,6,12.5,32.7288072780999
1,0,1.06589467414085,35,14.1,48.4738454164338
1,2,2.86142096052554,38,24.8,68.8951189456728
1,1,-0.545131645750823,23,30.8,47.6563572109995
1,1,-0.101862859224758,13,13.7,34.8238792215408
1,1,3.39954800530344,40,11,59.3981659987385
1,1,0.000191453068057336,9,10.6,30.98984652979
1,1,-2.05615769150068,25,16.9,43.3510485646006
1,1,-0.0265203524318691,4,18.6,28.5928941685394
1,0,0.712189885315624,19,25.8,38.6110593247623
1,1,-0.0191327880470849,4,17.8,28.4422177742153
1,2,0.0235033324641385,6,0.2,29.7509681827877
1,2,0.00336954414909193,11,20.1,38.9766719397819
1,1,-0.514107829036684,23,32.9,48.3372284798854
1,1,-0.57762049833418,29,32.9,53.7883629277189
1,2,0.0375816891757131,7,13.1,33.6896424124755
1,1,0.502675086123617,35,5.5,50.1642899229219
1,0,1.8952690507942,28,45.6,53.8847246972964
1,1,-0.352115269458493,30,19.4,50.2978764513189
1,2,-0.0650737662246496,6,20,34.3472570477375
1,0,0.0636670078293066,14,25.2,33.4738013047077
1,1,1.00676138877235,27,4.9,44.3891178189816
1,1,1.97038822644052,21,13.7,43.6022044512906
1,2,-0.177943086925686,14,5.6,37.3412540903931
1,1,-0.063898731013594,10,14.1,32.5297176631436
1,1,0.00691154638728968,2,22.2,27.6293071706266
1,2,0.203205288138526,9,7.4,34.1283804170313
1,1,-1.67141603979669,36,26.9,56.6259290267539
1,1,1.3324313717657,32,23.9,55.6086115394327
1,2,-0.99590033542603,30,12,51.949075663095
1,2,-0.0678206438569688,6,23.3,35.1248333909635
1,1,0.0305128961527898,5,28.5,31.5281848164177
1,0,0.317156488010866,39,31.6,57.1344315361184
1,1,0.220303073002525,17,18.9,39.8597112551673
1,1,-0.410313593404415,19,20.1,41.1543148563605
1,1,0.172210275886099,7,20.1,31.6635815330394
1,1,0.689079343100929,23,35.4,50.645261899395
1,1,-0.0887008715568899,11,32.3,37.668240338484
1,1,0.111452310347422,9,29.3,35.3957903791648
1,1,-1.86432914278308,28,18.1,46.4435171540819
1,0,-0.0326348214656721,11,24.7,30.732752841604
1,2,2.81366418880827,32,25,63.3149042393053
1,1,-0.00591583774931809,4,10.6,27.0240976819044
1,0,1.94136457475035,33,3.7,44.3137602996351
1,1,-0.125574675304447,17,27.4,41.7899642660239
1,2,-4.04949984034255,30,5.7,46.3702976261807
1,2,-1.16503269457141,26,21,51.5168074573461
1,2,0.141298868169479,18,23.5,46.53796652079
1,1,1.77018291144479,25,26.6,50.9506468411702
1,1,0,0,22.9,26.0252476829658
1,0,0.0437688299031008,9,13.7,27.0084351208081
1,1,-1.48103698297038,28,30.9,51.0710751712819
1,2,-0.161204651426246,9,38.4,41.6333059061419
1,1,-1.65740906363,33,29.8,55.0117792545533
1,1,0.386001944788631,12,1.6,31.5441611259301
1,1,1.4434143614287,28,35,56.1550626727902
1,2,1.5912883079408,37,20.4,64.4893698154671
1,1,0.0546007825508104,5,26.2,31.0853976865364
1,1,-0.0207751814566802,5,27.2,31.199014807872
1,1,1.08418441766205,27,20,49.6325008794169
1,2,0.118618832204551,17,20.2,44.5726752432826
1,1,-2.23691258404586,33,31.2,54.7848254103435
1,1,-2.47495107446701,39,28.1,58.7705432912048
1,1,0.000882014844512873,3,30.9,30.1632234518747
1,0,0.130447415396104,18,44.8,41.7301601367907
1,1,-0.493298287063181,28,27.6,51.1966934617148
1,1,-0.0175598118980644,3,23.1,28.6337965986577
1,0,-6.55021317659059,40,1.1,39.7965011531134
1,1,0.0832594151164404,10,47.9,40.6285304760311
1,2,-0.00231252103756706,2,16.2,29.9951638065367
1,1,0.783846432686582,27,44.7,57.6702201586461
1,1,-2.9087496764639,31,24.7,49.9548304049626
0,1,-0.296931809728995,11,2.5,30.3269693605784
0,1,-0.0263759891466194,11,1.8,30.4351238767813
0,0,0,0,6.5,18.934803451582
0,1,-0.00388254474981475,1,8.5,24.2695178896512
0,1,1.20285092902037,28,9.2,46.8508585076956
0,1,0.213427825568976,11,11.5,33.0222662723095
0,1,-0.0181496505144592,3,7.2,25.5623690656592
0,1,-0.388321757764354,27,6.1,43.3355983227537
0,1,-0.108793417881323,7,4.4,27.9504340426598
0,1,0.0154887828566062,5,5,26.6907959410084
0,1,-0.0558426842665291,31,18.4,51.1270855245022
0,1,-1.63597658241621,31,0,42.9940234175838
0,2,-0.25618492825779,13,12.2,38.2841230285595
0,1,-0.0519878180715464,5,2.5,26.1093179541785
0,0,0.00341761377858424,2,0.2,19.4344233945612
0,1,0.00447205042794646,2,9.4,25.2267446397058
0,2,0.00294849146231055,2,1.8,26.9449659673702
0,1,-0.323467520822253,14,12,34.9546851617451
0,0,-0.0314752416395199,3,17.7,22.9065951340634
0,1,0.375235467537927,19,8.6,38.7357198476979
0,0,-0.00138669749951808,2,0.8,19.5226057173455
0,1,-0.000308514616230957,2,14.9,26.2525119003104
0,0,0.454694744738453,15,24,34.5068893266634
0,1,-0.174946845609716,10,38.9,38.1771829698727
0,0,0.725739424104823,18,7.1,33.1027668283166
0,0,-0.00323605003681553,2,13.5,21.4889364757262
0,1,-0.452431455609968,18,17.2,39.4544763341272
0,0,-0.10312774763109,16,2,29.5618270662451
0,1,0.019091077812938,5,1.5,25.9767263975374
0,1,-0.0259660793303785,8,12.3,30.5474361036693
0,1,-0.297973585732396,13,2.4,31.7901477261423
0,1,-0.00496268220351113,3,11.2,26.3492464737514
0,1,-0.49769999677638,10,2.1,29.2855600703918
0,1,-0.0248911410615501,5,2.9,26.2188513940209
0,0,0.0892763713767526,10,3.9,25.8710611096987
0,1,-0.0477221622764832,12,13.6,34.0495020195151
0,0,0.0121294646616277,3,13.4,22.2653935652246
0,1,0.0237883567845509,5,9.4,27.6019891442068
0,1,0.00126415064293442,1,2.9,23.2579553142484
0,1,0.513803960899127,20,0.6,37.2917224842016
0,1,-0.411892707525522,11,2.8,30.2807047710533
0,1,0.000399079911376471,7,19.6,31.355875445893
0,2,0.00319160699051167,1,0.8,25.9479930873804
0,0,-0.00846693863022657,3,2.8,20.5410080739284
0,0,0.0221642291988325,5,10.2,23.2761277569859
0,0,0.0339718656778566,11,3.1,26.371358513038
0,0,0.213759124238455,14,6.7,29.5133771022857
0,1,-0.013315603674135,5,9.1,27.5006491454995
0,1,-0.458233267253593,19,3.6,36.4303218640814
0,0,0.000140896470375509,1,8,19.8954199566475
0,1,0.00651029073289165,4,3.5,25.6235603547914
0,1,-0.00145149299974219,2,9.3,25.2016333672999
0,0,0.00153898928213516,5,2.9,21.9997370003793
0,1,0.0805410720928682,10,13.9,32.6434806766158
0,2,-0.256835583048531,13,14,38.7850843741049
0,1,0.0803319664256343,6,25.1,31.7667743789958
0,1,0.349029085455662,9,5,30.0743114873994
0,0,0.00289230926448102,1,10,20.1972109661249
0,0,-0.0569428526791554,8,2.7,24.0509370953695
0,1,-0.128489067034664,6,9.1,28.1601778352503
0,1,0.0271660656146971,16,24,40.1706686668831
0,1,0.0844534573111811,7,6.1,28.5198462832108
0,1,0.219384282000595,12,16.4,35.0386835966763
0,0,-0.291343226532896,11,12.7,27.98687618081
0,1,-0.00871800199400537,2,6.7,24.7066638243614
0,2,0.031685867576964,11,3.3,34.4979000203654
0,0,0.176521300734033,12,18.1,30.4198820832787
0,1,0.042729136727227,5,13.8,28.5255803838256
0,1,0.00159846301539912,1,9.6,24.4751534745602
0,1,-0.75810300132157,20,9.8,38.6483095153535
0,1,-0.0925210252555211,6,0.1,26.3084820739573
0,1,-0.063046938545538,4,8.2,26.4854846618374
0,0,0.119625214201082,11,18,29.5328982555531
0,1,0.058370742005788,6,9.2,28.3817473066147
0,0,0.0105213165956064,4,4.4,21.5421152267348
0,0,-0.0518430882262732,5,11.3,23.3845916601202
0,1,0.110502972947156,6,7.6,28.0990665922696
0,1,-0.011595717833263,4,0.5,25.0079105312965
0,0,0.0034832863344922,1,6.8,19.7196520810538
0,1,0.0690958840930304,8,11.2,30.4065541287546
0,1,1.02778617148562,21,9.5,41.2692512452241
0,1,0.0103568961023265,4,9.2,26.7628855270079
0,1,-0.000506345961973394,2,9.4,25.2213923464953
0,1,-0.715692909301992,19,10.6,38.1315814208466
0,0,-0.0535838796580072,7,11.4,24.9273456806799
0,1,-0.0111604675840473,11,14.7,33.5445421620621
0,0,0.0552289803071401,10,3.5,25.7558785602934
0,1,-0.00650418961501315,10,6.1,30.7211909561452
0,0,-0.00871155185504686,5,12.2,23.5861567692329
0,1,0.129691900598877,19,6.9,37.9843345509195
0,1,-0.370638554795916,19,0,35.4993614452041
0,1,-0.709356691206214,26,5.7,42.1046371315816
0,1,-0.102607628113523,6,15.6,29.5526186502616
0,1,0.200492870354071,11,17.8,34.5298119267004
0,1,0.00450269376002306,7,12.9,29.9091422331456
0,1,-0.00409332305354241,5,7.2,27.1212224972885
0,0,-0.0362672292750137,5,9.5,23.0928911385892
0,1,-0.0587008955374336,11,16.5,33.9224531091256
0,1,-0.0531969398715226,5,6.7,26.9670378036796
0,0,-0.0184903422356597,3,0.7,20.1938223515997
0,1,-0.375723122536577,10,5.9,30.2877574908945
0,1,0.155692298413853,9,1.7,29.1158622960753
0,1,0.0246632661481611,10,12.1,32.1596618720957
0,1,-0.491985835530802,15,0.7,32.6395466821676
0,0,0.00911459148005113,2,7.3,20.5411578682282
0,1,0.0110063310053596,3,17.9,27.6621601607033
0,0,0.175880150000007,11,10.8,28.1086981878715
0,1,-0.000442049788010925,1,18.6,26.1073925449223
0,1,-0.162281446807017,14,12,35.131325317641
0,1,-0.000767934724756291,2,2.2,23.871586735646
0,1,0.0388260420297017,7,5.7,28.3852299125919
0,0,0.156620097597623,10,10.8,27.3273735096626
0,1,2.26873355553228,27,6.7,46.3329802383548
0,0,-0.0996739598428312,10,13.1,27.5065442498572
0,1,-0.286334693801528,12,8.1,32.4458344415469
0,1,0.0159956576307806,9,7.6,30.3218023610344
0,0,0.00591715976331361,1,10.1,20.2154230986704
0,1,-0.0209803193152014,5,3.8,26.4071458774458
0,1,0.648284292691161,17,14.3,39.0638249237672
0,1,-0.230372685503461,22,11.5,41.3055039053939
0,0,-0.0459114624369832,7,3.5,23.4931849731772
0,1,-0.356087926278647,16,15.4,37.4241697114276
0,1,-0.0930619298043817,15,7.9,34.930841959254
0,1,0.0128581947086828,2,11.7,25.6671090805995
0,0,0.0212761393266272,6,0.9,22.3810647980466
0,1,1.16885951829009,35,20.8,56.8153142800385
0,1,0,0,5,22.8788750399489
0,0,0.101409686500083,5,13.5,23.9313795711897
0,1,0.0136676775199327,3,4,24.9771949283196
0,1,-0.807531676070283,17,2.2,34.1931157377412
0,1,-0.0505893519399065,5,12.8,28.217439221847
0,1,-0.00311208987748214,1,10.8,24.687980826624
0,0,-0.139433531219514,5,9.8,23.0330940446358
0,1,0.305791887282422,11,8.9,32.4929391211975
0,0,-0.116969696125835,11,22,30.0798876599403
0,1,0.049493559899066,8,8.7,29.8281208687128
0,0,0.148067887803848,8,16.7,26.9167538395961
0,1,-0.196421018431326,14,11.6,34.9915680850058
0,0,-0.0763715118053154,17,0.5,29.9427705003719
0,1,0.00274315065962547,2,1.9,23.8189209389806
0,1,0.00707620047892908,4,4.9,25.9029684454641
0,0,-0.0242572552529925,4,18.7,23.8798206396557
0,0,0.00143090788960241,1,1.4,18.9106191730785
0,1,0.00106833265671827,1,10.6,24.6561987603186
0,1,-0.00508295021164833,3,8.4,25.8080658450762
0,0,-0.153175884302242,8,6.8,24.7207007854544
0,1,0.100443400668379,9,12.4,31.5109155816231
0,0,0.47235951125154,13,14.9,30.854783262591
0,0,0.0973079398622285,6,10.5,24.1678874650185
0,1,0.0153772538837858,3,4.7,25.1143359714713
0,0,-0.000945959243360861,1,23.5,22.2099822123592
0,1,-0.104035612924046,10,10.7,31.6919440845968
0,0,-0.0414238814253697,6,13.5,24.5486430537037
0,1,-0.00322435219390788,2,18.3,26.8864576097336
0,1,0.312425377234148,15,0,33.2624253772342
0,1,0.000502014642926563,1,10.1,24.5647787032646
0,1,-0.058154882791659,4,13.7,27.5832199822272
0,0,-0.0327866090175158,3,18.7,23.065430795995
0,0,-0.00755569375982917,13,12.6,29.8198715853919
0,1,0.0237795022626954,9,9.2,30.6955913544584
0,1,-0.162645946598721,6,3.7,26.9923956800998
0,1,-0.0255771389852609,4,12.3,27.3409025765028
0,0,5.39636385284084e-05,1,10,20.1941458431239
0,0,0.00286211866618016,1,11.3,20.3914394751773
0,1,-0.193114727611187,7,9.2,28.8954354841656
0,1,-1.18972521563317,22,3,37.7540301722951
0,0,-0.0338431652462842,4,4.2,21.4630077352488
0,1,0.021978786818017,8,11.9,30.5110483582716
0,1,0.126962926548643,14,6.7,34.0785437160011
0,0,-0.160741569683462,16,3.3,29.8049148127074
0,0,-0.050510006817159,4,2.1,21.0976357984376
0,0,-0.27778422291835,15,8.2,30.0712263984628
0,1,-0.109740926348066,10,4.7,30.2864097419658
0,2,-0.00158658438155413,2,3.6,27.3223179242173
0,1,0.00317754461974234,1,13,25.0944056373016
0,0,-0.0848057455320447,8,11.9,25.7509789430919
0,1,0.00537561616162104,6,16,29.75838624143
0,0,0,0,0.8,18.1150527325024
0,1,-0.971326714866187,20,13.5,39.471650988468
0,1,0.0796902837411955,8,3.9,28.7896710452192
0,0,-0.00205708915651668,1,18.2,21.4168831551496
0,1,0.34274756964061,8,11.6,30.7947631641423
0,1,0,0,9.4,23.6522850751039
0,1,0.00294935262079855,5,16.8,29.0962982590129
0,1,-0.00638435091040558,7,2.7,27.6883053443001
0,1,0.61005360073743,13,12.3,35.2546609776076
0,2,0.105295372346384,9,0.9,32.3563018107861
0,1,-0.00442286725535195,3,5,25.151763499505
0,1,-0.584538430876986,16,27.1,40.261385254991
0,0,-1.17146167528774,24,14.7,37.5781988662053
0,0,-0.0138328004683082,3,12.7,22.1243129604302
0,1,1.25839614623206,23,6.1,42.0002594930842
0,1,-0.21313060238054,24,2.9,40.2176230030293
0,1,-0.00593025911517611,2,27.8,28.6635866695889
0,1,0.125616496656066,9,5.9,30.0483181371983
0,0,0.0105352358422502,2,7.1,20.5116442177413
0,1,-0.0666333857129459,7,13.9,30.0467446578999
0,1,-0.223017016326421,16,15.2,37.5201512590957
0,1,0.0547602687654941,9,15.9,32.2611751638867
0,1,-0.0001517634240994,4,3.4,25.596801608295
0,1,0.0389868198292846,7,3.2,27.8431124016722
0,1,0.214805281006982,8,1.9,28.4806931847615
0,1,-0.00957699211441551,9,4,29.473188204686
0,1,-0.035174647831327,8,11.3,30.3151683249995
0,1,0.0465706879316947,7,16.2,30.6715630588529
0,1,-0.0139125061593463,12,26.3,37.2067945974521
0,2,0.14872582087028,11,8.7,36.0732441545358
0,1,-0.0631478309768282,12,3.7,31.6043174376824
0,2,0.0217099957419047,5,15.2,32.4340940795968
0,1,-0.0275556788415899,3,14,26.8651785852701
0,1,0.000108891239257902,2,2.6,23.9474553527064
0,1,-0.0252682591487223,5,10.6,27.7949311372481
0,1,-0.0209793149845311,3,12.6,26.6021435727687
0,0,-0.136682649740395,13,16.3,30.4748391847853
0,0,0.000728351303679813,1,2,18.9995575036096
0,1,0.0146451118319187,9,10.4,30.9598473263018
0,0,0.782100643643846,24,2.2,36.2075450461368
0,1,0.471614281044606,16,11.8,37.3714053366241
0,0,0.274134834186153,13,3.8,28.2052447125012
0,1,-0.183612363536869,17,1.6,34.6639253499366
0,1,-0.0650119249097268,5,6.1,26.8319393954646
0,1,-0.066415050906244,11,2.2,30.4902698874767
0,2,1.31911995518246,24,0.9,45.3629870689541
0,1,-0.0116544485938595,7,1.8,27.4880628891541
0,1,-0.0512920306349667,4,4.9,25.842315104631
0,1,0.0779308128950871,9,7.1,30.2730531265061
0,0,0.0794579037738593,12,20.3,30.7742245660191
0,0,-0.132557757982686,13,8.6,28.8204304433704
0,1,0.00543095880916388,4,3,25.5228765714364
0,0,0.042899305235344,4,11.3,22.724688711988
0,1,0.206045715409833,9,22.6,33.9721038263739
0,1,-0.393994323426531,21,9.3,39.6805315058491
0,1,8.35255009075384e-05,2,4.9,24.3785431713538
0,1,-1.13881947850176,20,1.9,35.9995014146817
0,1,-0.00569964823714524,2,9.1,25.1595906457948
0,1,1.7340361678318,21,14.9,43.7145166640023
0,0,0.0263973903063073,3,3.2,20.6409745047916
0,2,-0.011221790785685,5,6.6,30.4121557753761
0,1,-0.0664351410669714,7,7.2,28.599282875746
0,1,-0.323771079574814,11,12.3,32.6255850703232
0,1,0.266414396592487,8,16.1,31.7218927585703
0,0,0.0181796757049026,9,7.8,25.8336942288409
0,1,-0.297709653723984,16,4.2,34.5025014317215
0,1,0.170975849585424,9,18.9,33.0810560953282
0,1,-0.105494320424293,7,6.6,28.4285208400519
0,1,0.0697066058698019,7,20.8,31.6966281255414
0,1,0.0112846669126207,2,4.4,24.296417716884
0,1,-0.0148141732004347,6,11.1,28.7034213867027
0,1,0.63934882882163,15,10.5,36.4072472205013
0,1,0.0200981148671619,4,3.9,25.7172344415529
0,1,-0.191387276937212,12,4.8,31.7409468639281
0,1,0.0550995929753537,7,2.6,27.7294113454661
0,1,-0.0344852853511587,5,5.4,26.7206903255397
0,1,-0.0167283126402914,4,14.5,27.7883582922392
0,1,0.297177993316853,14,14.1,36.1804267126023
0,1,-0.112680980162413,11,8,31.8295797433811
0,1,-0.0068872083898848,12,9.2,33.0136484074843
0,1,0.0718263832419233,6,6.1,27.7410253360845
0,1,-0.00236047845173479,1,5.5,23.7263772761705
0,1,0.00312352192529042,1,10.3,24.6039382572707
0,0,0.255876323420677,8,1.9,24.2180220969466
0,1,0.0770003098268179,8,14.9,31.2404527276633
0,1,0.00743512007553495,3,5.4,25.2414280063683
0,1,-0.00874776488119733,3,10.4,26.1905605064933
0,0,0.000961282913889573,1,0.2,18.7308445703586
0,0,-0.141532000878204,12,6.5,27.6221628057237
0,0,0.0141056259894959,5,14.1,23.9377944189461
0,1,-0.344162920290842,16,7.4,35.3067958076562
0,1,0,0,2.6,22.4570150207734
0,1,0.194928866664173,12,5.7,32.3646691554145
0,1,0.24337426062541,10,18.3,33.8629951376584
0,1,0.190173300075592,7,2,27.7364176800704
0,0,-0.0202513183059624,4,2.5,21.194812373802
0,0,0.0170258417574923,3,1.2,20.3099024078338
0,1,-0.00279453287896083,1,10.8,24.6883257854728
0,1,-0.00358293999554016,2,13.2,25.9302481976847
0,1,0,0,6.9,23.2128475551294
0,1,-0.144573658032616,10,7.1,30.8093375518425
0,1,0.000676750739380803,1,4.6,23.5660963181203
0,2,-0.00176303488732781,1,0.1,25.798833191515
0,1,-0.0181282986153398,5,3.2,26.2872087854725
0,1,-7.98787589230573e-05,1,13.5,25.1816133270317
0,1,-0.00119889578411458,1,9.3,24.4176621642128
0,1,-2.38118811126352,25,9.4,40.7129061021763
0,1,0.107093911919223,15,2.9,33.8230380821379
0,1,0.000929835493362201,1,7.8,24.1475266133525
0,2,0.00240913527259444,3,2.4,27.8667122826412
0,0,-0.161724313829818,13,0.2,26.9813218282062
0,0,0.853080466438128,22,22.7,40.4654879975035
0,0,0.0337563512590197,4,11.7,22.7813030859165
0,1,-0.227730101995653,7,16.4,30.4047149789189
0,1,0.794876077826231,19,6.3,38.5104235314081
0,1,0,0,0.5,22.0878875039949
0,0,-0.172701670923892,16,6.4,30.511596102375
0,1,-0.00217171682936372,1,7.1,24.0171186380005
0,0,-0.00123372205481575,1,6.3,19.639979345627
0,0,0.0232056542539629,3,1.7,20.3965313942047
0,1,0.104655594916329,10,24.7,35.2075877872656
0,1,0,0,17.5,25.076062639821
0,1,-0.406862650965896,10,13.4,31.9865221403177
