"企業ID","企業名","従業員数","勤続年数","平均給与"
1,"Company1",1027,20.6,43.8
2,"Company2",1429,13.9,38.4
3,"Company3",8554,19.5,43.2
4,"Company4",1931,14.3,38.3
5,"Company5",2048,14.4,44.8
6,"Company6",10002,15.2,40.4
7,"Company7",2853,10.8,41.3
8,"Company8",507,13.8,40
9,"Company9",905,17.4,39.4
10,"Company10",1152,11.2,47.1
11,"Company11",6121,12.8,45
12,"Company12",2579,9.8,44
13,"Company13",2687,15.3,42.2
14,"Company14",2010,15.6,44.2
15,"Company15",1032,16.4,44
16,"Company16",10747,9.5,46.8
17,"Company17",2961,14.4,44.6
18,"Company18",251,10.5,41.4
19,"Company19",3629,14,41.4
20,"Company20",1121,19,40.6
21,"Company21",618,12.1,40.9
22,"Company22",1447,16.7,41.3
23,"Company23",645,11.2,45.7
24,"Company24",868,12.2,35
25,"Company25",963,15.6,39.9
26,"Company26",333,11.5,41.6
27,"Company27",4160,18.7,38.2
28,"Company28",2098,15.3,46.9
29,"Company29",576,11.8,41.3
30,"Company30",6306,21,38.6
31,"Company31",2757,14.8,39.3
32,"Company32",1340,17.1,44.6
33,"Company33",4405,18.5,47.6
34,"Company34",4331,11.4,41.6
35,"Company35",4093,12.7,42.3
36,"Company36",3583,11.3,39.2
37,"Company37",3132,16.3,45.9
38,"Company38",1691,12.9,44.2
39,"Company39",1325,13.2,35
40,"Company40",1230,13.6,40.1
41,"Company41",898,17.1,41.3
42,"Company42",1462,13.2,38.7
43,"Company43",507,12.4,41.2
44,"Company44",15748,13.2,38.6
45,"Company45",6023,19.4,43.1
46,"Company46",585,11.8,43
47,"Company47",1203,11.1,44.4
48,"Company48",1128,11,43.2
49,"Company49",3926,9.7,46.8
50,"Company50",1656,15.5,40.8
51,"Company51",2318,10.8,35.5
52,"Company52",1749,15.1,42.1
53,"Company53",1724,13.5,43.9
54,"Company54",7073,11.1,40.8
55,"Company55",1436,17.3,46.2
56,"Company56",8201,17.3,45.3
57,"Company57",382,21.4,43.6
58,"Company58",3229,14,42.2
59,"Company59",2037,11.2,40.3
60,"Company60",2233,15.5,41.5
61,"Company61",2631,21,43.4
62,"Company62",1089,14.4,44.9
63,"Company63",1289,18.2,41.1
64,"Company64",649,16.8,39.8
65,"Company65",616,9.7,49.4
66,"Company66",2438,13.4,43.6
67,"Company67",2817,18.8,39.3
68,"Company68",1897,17.2,44.8
69,"Company69",4526,15.7,42.2
70,"Company70",13983,15.8,44.5
71,"Company71",1101,12.2,42.2
72,"Company72",178,18.8,41.8
73,"Company73",4921,10.5,42.3
74,"Company74",885,16.3,43.2
75,"Company75",904,9.3,40.2
76,"Company76",5019,12,40
77,"Company77",1353,9.6,41.4
78,"Company78",531,16.3,42.5
79,"Company79",2157,15.7,41
80,"Company80",1566,15.6,43
81,"Company81",1810,15.6,38.7
82,"Company82",2646,16.1,37.7
83,"Company83",1242,16.4,47.7
84,"Company84",3428,13.4,43.2
85,"Company85",1443,14.4,40.8
86,"Company86",2508,16.7,41.2
87,"Company87",5390,9.6,44.4
88,"Company88",2781,12.2,41.4
89,"Company89",1299,10,42.6
90,"Company90",5677,17.9,41.2
91,"Company91",4861,18.7,40.5
92,"Company92",3114,16.9,43.8
93,"Company93",2285,9.5,42.4
94,"Company94",960,15.7,45.9
95,"Company95",7017,18.3,38.6
96,"Company96",987,14.6,41.6
97,"Company97",16040,11.9,41.4
98,"Company98",8334,10,38.8
99,"Company99",1422,11.5,45
100,"Company100",644,16.6,41.7
101,"Company101",884,12.4,37.8
102,"Company102",2327,14.8,40.2
103,"Company103",1406,18.8,38.7
104,"Company104",1271,16.1,45.1
105,"Company105",695,19,49.6
106,"Company106",1720,13,40
107,"Company107",821,14.2,41.7
108,"Company108",339,16.1,42.8
109,"Company109",1230,9.7,50.1
110,"Company110",4512,17,35
111,"Company111",1012,15.1,40.5
112,"Company112",3306,15,38.4
113,"Company113",356,15.9,41.3
114,"Company114",1702,13.6,41.2
115,"Company115",3025,17.4,39.8
116,"Company116",2432,16.4,47.5
117,"Company117",2000,13.4,42.8
118,"Company118",948,17.8,49.2
119,"Company119",769,15.1,44.5
120,"Company120",646,16.5,38.2
121,"Company121",2024,11.8,39.7
122,"Company122",697,19.8,42.8
123,"Company123",1102,14,40.3
124,"Company124",1393,17.1,43.1
125,"Company125",11377,13.6,44.2
126,"Company126",937,13,43.3
127,"Company127",2277,16.9,41.6
128,"Company128",1945,15.8,40.1
129,"Company129",687,15.5,38.1
130,"Company130",1676,15.4,43
131,"Company131",7631,16.4,44.8
132,"Company132",2827,12.3,41.8
133,"Company133",1875,11.4,44.3
134,"Company134",1179,14,48.7
135,"Company135",230,19.1,47.8
136,"Company136",5579,11.6,40.5
137,"Company137",417,16.1,43.6
138,"Company138",3772,15.3,39.9
139,"Company139",12144,9.6,44.1
140,"Company140",424,16,41.8
141,"Company141",3631,13.9,42.8
142,"Company142",1384,20.8,39.4
143,"Company143",373,16.1,45.6
144,"Company144",395,17.1,41.7
145,"Company145",362,18.9,40.7
146,"Company146",1058,12.1,41.8
147,"Company147",417,15.9,42.2
148,"Company148",3581,17.2,46.9
149,"Company149",14700,19.1,38.7
150,"Company150",496,16.8,49.4
151,"Company151",3957,15.6,39.7
152,"Company152",3883,10.8,42.5
153,"Company153",2509,16.7,35.8
154,"Company154",656,15.9,40
155,"Company155",1597,16.3,44.2
156,"Company156",1359,15.6,43.5
157,"Company157",3160,13.3,43.2
158,"Company158",1240,13.7,40.6
159,"Company159",4781,16.5,36.5
160,"Company160",1237,14.6,38.8
161,"Company161",5157,10.9,41.3
162,"Company162",630,12.9,43.9
163,"Company163",510,10.4,44.5
164,"Company164",46008,13.5,41.1
165,"Company165",1186,18.1,41.5
166,"Company166",2425,11.9,41.5
167,"Company167",3401,13.6,42.2
168,"Company168",1109,18.9,46.6
169,"Company169",3018,16.5,39.8
170,"Company170",2603,15.6,41.4
171,"Company171",1451,18.4,42.2
172,"Company172",1921,11.1,38
173,"Company173",1739,16.7,39.2
174,"Company174",15123,11.8,42.6
175,"Company175",857,14,43.3
176,"Company176",601,22.2,45.4
177,"Company177",1869,17.6,40.6
178,"Company178",2455,16.8,46.4
179,"Company179",2785,9.9,39.4
180,"Company180",1138,11.1,37.2
181,"Company181",621,22.5,36.2
182,"Company182",6366,10,45.3
183,"Company183",1268,14.8,42.9
184,"Company184",757,17.3,41.6
185,"Company185",1421,17.8,41.1
186,"Company186",1477,18,46.8
187,"Company187",5461,13.4,45.6
188,"Company188",1959,11,39
189,"Company189",3826,12.9,37.8
190,"Company190",1092,10.7,45.3
191,"Company191",2230,16.3,43.7
192,"Company192",1300,18.1,40.5
193,"Company193",1978,21.9,43.2
194,"Company194",735,15.4,35.9
195,"Company195",485,10.8,40
196,"Company196",13263,17.8,43.3
197,"Company197",3282,17.3,41.8
198,"Company198",515,13.1,38.2
199,"Company199",976,16.8,45
200,"Company200",550,18.2,45.5
201,"Company201",16225,12.9,39.2
202,"Company202",6687,16,41.4
203,"Company203",1380,13,44.2
204,"Company204",3098,16.5,44.6
205,"Company205",1189,13.6,40.4
206,"Company206",1117,12.7,39.4
207,"Company207",818,14.4,43
208,"Company208",993,13,36.3
209,"Company209",9381,11.8,39.1
210,"Company210",1705,12.8,44.3
211,"Company211",2027,14,36.9
212,"Company212",2296,14.8,38.4
213,"Company213",6173,19.7,41.3
214,"Company214",1074,13.3,41.1
215,"Company215",667,16.3,36.7
216,"Company216",9616,20.5,43.5
217,"Company217",1157,15.6,38.9
218,"Company218",873,13.9,41.5
219,"Company219",522,12.9,41.4
220,"Company220",498,15.5,44.1
221,"Company221",1013,17.7,41.8
222,"Company222",3339,13.3,41.6
223,"Company223",5461,14.6,47
224,"Company224",3652,14.8,43.1
225,"Company225",1251,16.7,43.9
226,"Company226",1910,18.1,43.4
227,"Company227",889,15,43.7
228,"Company228",878,13.7,46
229,"Company229",4359,19.2,41.8
230,"Company230",651,14.6,42.7
231,"Company231",12718,19.8,47.9
232,"Company232",1644,13.8,40.4
233,"Company233",2230,16.3,45.9
234,"Company234",860,13.6,40.2
235,"Company235",1013,13.9,47.1
236,"Company236",482,11.2,40
237,"Company237",1499,10.2,39.6
238,"Company238",2736,17.5,45.1
239,"Company239",2489,17.4,44.9
240,"Company240",823,15.6,43.7
241,"Company241",818,9.9,42.8
242,"Company242",1089,10.1,42.7
243,"Company243",8035,15.9,48.2
244,"Company244",577,11.5,37.7
245,"Company245",1504,17.7,39
246,"Company246",12063,14.1,38.2
247,"Company247",1627,16,44.9
248,"Company248",462,12.1,41.3
249,"Company249",925,9.7,41.6
250,"Company250",2924,17.4,47.3
251,"Company251",1236,14.9,40.3
252,"Company252",1026,13.1,48.1
253,"Company253",1276,14.3,37.8
254,"Company254",1970,18.9,46
255,"Company255",8902,11.4,43
256,"Company256",1647,11.2,40.8
257,"Company257",5304,11.7,41.5
258,"Company258",3382,17,46
259,"Company259",1606,14.7,47.1
260,"Company260",388,14.8,37
261,"Company261",1068,13.8,52.3
262,"Company262",1102,12.1,49.7
263,"Company263",1886,11,40.4
264,"Company264",6606,17.2,41.8
265,"Company265",17829,15.6,40
266,"Company266",8460,11.1,41.7
267,"Company267",1575,15,44.2
268,"Company268",310,11.3,42.3
269,"Company269",1220,12.1,42.6
270,"Company270",1967,20.5,46.4
271,"Company271",4190,16.5,35.4
272,"Company272",4712,14.5,40.5
273,"Company273",3568,12.3,42.4
274,"Company274",445,9.8,39.7
275,"Company275",4209,14.8,45.2
276,"Company276",1151,14.5,40.7
277,"Company277",2143,12.8,40.7
278,"Company278",1939,21.3,45.6
279,"Company279",2761,17.1,44.5
280,"Company280",1844,12.9,41.5
281,"Company281",339,16.4,41
282,"Company282",3759,12.3,37.7
283,"Company283",2648,11.8,39.9
284,"Company284",1380,13.2,49.8
285,"Company285",2025,23.2,41.9
286,"Company286",2058,17.7,44.7
287,"Company287",2245,20.2,41.4
288,"Company288",9287,17.4,43.8
289,"Company289",1445,18.2,41.8
290,"Company290",2129,17.3,46.1
291,"Company291",5790,15.8,40.5
292,"Company292",5165,11.8,36.9
293,"Company293",5657,12,44.7
294,"Company294",1010,14,41.3
295,"Company295",13333,17.3,46.4
296,"Company296",1924,17.8,42.4
297,"Company297",11642,14.4,46.4
298,"Company298",466,12,43.1
299,"Company299",1838,16.7,41
300,"Company300",6282,19.3,44.2
301,"Company301",880,12.8,40.6
302,"Company302",847,13.9,47.1
303,"Company303",704,15.7,42.4
304,"Company304",628,20.2,35.9
305,"Company305",1162,12.8,40.6
306,"Company306",2506,17.2,37.1
307,"Company307",240,12.1,35.5
308,"Company308",2225,18.1,42.2
309,"Company309",6199,13.4,43.9
310,"Company310",13809,12.6,39.7
311,"Company311",6612,19.1,38
312,"Company312",3836,18.1,40.2
313,"Company313",320,10.7,37.3
314,"Company314",986,15.6,44.1
315,"Company315",1265,9.5,43.7
316,"Company316",3637,12.2,37.2
317,"Company317",1619,20,40.1
318,"Company318",511,19.4,45.1
319,"Company319",9700,18.1,41.5
320,"Company320",4478,11.9,42
321,"Company321",2282,9.6,43.3
322,"Company322",6085,17.5,43.9
323,"Company323",471,12.9,45.6
324,"Company324",3485,13.3,44.3
325,"Company325",1067,19.2,37.9
326,"Company326",3566,16.4,40.9
327,"Company327",1693,11,42.9
328,"Company328",3389,10.9,41.7
329,"Company329",6843,14.1,35.5
330,"Company330",1813,17.3,39.7
331,"Company331",4979,17.8,45
332,"Company332",548,14,42.5
333,"Company333",874,16.1,37.6
334,"Company334",8223,11.5,42.6
335,"Company335",2625,12.3,41.5
336,"Company336",231,17.9,44
337,"Company337",460,17.8,48.3
338,"Company338",1472,15.6,37.5
339,"Company339",4278,19.9,40.5
340,"Company340",1625,12.1,41.6
341,"Company341",3360,17.7,35.6
342,"Company342",4696,13.9,41.9
343,"Company343",9571,11.5,40.2
344,"Company344",1903,17.4,48.7
345,"Company345",1708,19.1,33.2
346,"Company346",311,17.2,46.5
347,"Company347",1987,12.1,45
348,"Company348",1016,12.3,44.2
349,"Company349",679,19.1,42.4
350,"Company350",1503,15.3,39.9
351,"Company351",4966,17.1,45.3
352,"Company352",245,12.7,39.3
353,"Company353",1174,18.7,44.1
354,"Company354",2022,11,43.2
355,"Company355",736,16.3,45.2
356,"Company356",2513,11,40.2
357,"Company357",2716,14.5,40.3
358,"Company358",1741,17.3,42.9
359,"Company359",152,9.4,42.9
360,"Company360",23552,20.5,46.1
361,"Company361",1465,12.4,43.5
362,"Company362",3452,15.9,42.4
363,"Company363",2366,12.1,44.5
364,"Company364",5015,12.9,40.4
365,"Company365",4077,14.3,45.3
366,"Company366",1459,14,38.9
367,"Company367",2627,13.3,43
368,"Company368",699,12.3,36.9
369,"Company369",4240,20.9,42.7
370,"Company370",1135,20.6,37.3
371,"Company371",20177,9.9,41.3
372,"Company372",345,13.4,36.7
373,"Company373",1131,19.1,40.1
374,"Company374",4108,17.7,39.7
375,"Company375",2997,18.7,43.7
376,"Company376",998,10,40.3
377,"Company377",664,23.5,39.7
378,"Company378",2079,9.8,45.7
379,"Company379",1774,16.8,47
380,"Company380",300,14.5,45.3
381,"Company381",1863,12.5,37.5
382,"Company382",2177,12.6,45.8
383,"Company383",2143,10.3,38.3
384,"Company384",626,20,41.8
385,"Company385",2897,14.3,44.2
386,"Company386",7144,15,41.4
387,"Company387",2840,14.8,41.5
388,"Company388",578,12.6,42.4
389,"Company389",1164,9.8,43.3
390,"Company390",2544,14.9,43.2
391,"Company391",942,10,36.8
392,"Company392",208,10,41.5
393,"Company393",4358,14.4,42.9
394,"Company394",785,19.9,43.8
395,"Company395",1014,15.6,41
396,"Company396",8098,17.3,39.9
397,"Company397",829,10.3,37.9
398,"Company398",4193,13.8,39.8
399,"Company399",510,17,41.6
400,"Company400",1262,13.1,40.1
401,"Company401",1672,13.2,43.8
402,"Company402",559,15.1,43.1
403,"Company403",954,13.8,37.2
404,"Company404",1748,11.9,43
405,"Company405",3520,13.5,43.6
406,"Company406",345,21,41.2
407,"Company407",1268,17.2,41.9
408,"Company408",3835,10.6,40.7
409,"Company409",1050,9.4,41.1
410,"Company410",2259,12.7,39
411,"Company411",2944,18.9,43.3
412,"Company412",2352,15.1,38.3
413,"Company413",3459,11.4,40.2
414,"Company414",1592,17.3,39.3
415,"Company415",1190,13.5,39.4
416,"Company416",128,9.9,40.9
417,"Company417",1640,15.7,40.5
418,"Company418",2767,19.6,39.9
419,"Company419",3074,15.6,41.2
420,"Company420",1033,14.7,37.2
421,"Company421",10668,11.6,42.3
422,"Company422",2396,16.1,43.9
423,"Company423",2042,10,38.2
424,"Company424",6424,13.8,37.8
425,"Company425",877,13.9,48.7
426,"Company426",1147,22.8,42.7
427,"Company427",19791,9.5,42.2
428,"Company428",1820,14.6,41.4
429,"Company429",9219,17,43.5
430,"Company430",427,17.9,42.1
431,"Company431",1487,14,40.4
432,"Company432",2627,11.2,40.7
433,"Company433",2429,13.8,41
434,"Company434",658,21.2,41
435,"Company435",1835,15.8,39.7
436,"Company436",612,19.3,45.2
437,"Company437",3671,16,42.3
438,"Company438",5325,13.9,39.7
439,"Company439",194,13.9,43.8
440,"Company440",6193,13.4,43.1
441,"Company441",520,14.9,41.6
442,"Company442",2836,12.1,43.2
443,"Company443",3482,15,39.3
444,"Company444",1473,10.6,41.4
445,"Company445",944,14.7,39
446,"Company446",2123,18.1,38.4
447,"Company447",2791,15.9,41
448,"Company448",4353,17.8,42.5
449,"Company449",231,10,39.3
450,"Company450",350,14.2,41.5
451,"Company451",7524,16.3,36.5
452,"Company452",5126,10,40.7
453,"Company453",2781,19.8,45.5
454,"Company454",3680,10.2,38.5
455,"Company455",4503,14.6,38.4
456,"Company456",125,14.6,41.3
457,"Company457",5463,14.5,43.6
458,"Company458",1108,13.2,45.7
459,"Company459",2266,15.7,50
460,"Company460",1339,10.2,44.4
461,"Company461",4304,11.6,44
462,"Company462",1270,13.8,48.1
463,"Company463",3023,18.6,41.1
464,"Company464",1217,19.9,41.4
465,"Company465",603,15.2,42.8
466,"Company466",6036,15.4,37.7
467,"Company467",3776,13.1,36.5
468,"Company468",10095,14.2,47.4
469,"Company469",1921,15.1,40.3
470,"Company470",5544,12,40.6
471,"Company471",12977,15.2,39
472,"Company472",1358,12.7,42.4
473,"Company473",479,11.6,43.8
474,"Company474",1416,13.2,41.3
475,"Company475",1453,12.6,42
476,"Company476",2094,18,44.9
477,"Company477",9975,14.8,42
478,"Company478",1299,15.6,40.3
479,"Company479",2613,9.4,41.8
480,"Company480",1433,19.5,39.5
481,"Company481",1837,14.6,42.3
482,"Company482",2464,10.8,39.3
483,"Company483",6793,15.1,46.2
484,"Company484",2032,17.2,34.5
485,"Company485",3671,20.3,43.2
486,"Company486",3922,13.4,40.5
487,"Company487",4493,18.1,48
488,"Company488",1013,14.3,41.3
489,"Company489",9158,12.8,43.4
490,"Company490",1229,9.9,43.2
491,"Company491",1619,13.8,42.7
492,"Company492",7328,17.1,43.6
493,"Company493",6565,19.1,48
494,"Company494",605,19.2,44.8
495,"Company495",751,9.8,42.6
496,"Company496",462,15.7,47.4
497,"Company497",2158,10.2,43.7
498,"Company498",2122,13.5,44
499,"Company499",2590,17.4,45.7
500,"Company500",3126,17.2,42.5
501,"Company501",985,10.9,44.2
502,"Company502",666,12.6,41.2
503,"Company503",5025,10.4,42.4
504,"Company504",3814,15.3,42.1
505,"Company505",397,19.4,40.1
506,"Company506",1636,22.4,48.1
507,"Company507",734,12.3,40.3
508,"Company508",226,16.8,40.9
509,"Company509",2091,14,46
510,"Company510",1662,19.5,41.9
511,"Company511",1632,16.1,45.5
512,"Company512",2234,14.8,40.2
513,"Company513",4350,18,42
514,"Company514",2210,12.7,41.2
515,"Company515",971,13.3,39.1
516,"Company516",863,13.5,41.1
517,"Company517",1577,17.9,40
518,"Company518",2454,9.7,44.6
519,"Company519",636,11.9,41.1
520,"Company520",1497,19.5,41.8
521,"Company521",4735,19,39.5
522,"Company522",1615,18.3,42.6
523,"Company523",895,20.1,37.2
524,"Company524",1365,14.8,33.2
525,"Company525",5487,11.8,47.6
526,"Company526",3119,16.1,44.3
527,"Company527",6199,17.9,43.9
528,"Company528",2068,22.9,35.3
529,"Company529",2713,15,44
530,"Company530",1029,16.4,43.6
531,"Company531",3297,13.8,41.8
532,"Company532",1084,16.7,44.5
533,"Company533",434,11.1,45.4
534,"Company534",2045,15.9,41.6
535,"Company535",12599,17.4,47.8
536,"Company536",4009,18.8,45
537,"Company537",5772,18,45.7
538,"Company538",2577,11.2,41.1
539,"Company539",979,18.9,41.6
540,"Company540",1470,18.2,39.2
541,"Company541",1369,13.1,43.2
542,"Company542",1126,16.8,42.8
543,"Company543",3639,10.8,42.3
544,"Company544",543,13.4,40
545,"Company545",4280,13.7,41.3
546,"Company546",4271,13,48
547,"Company547",542,16.7,39.2
548,"Company548",3411,19.7,40.8
549,"Company549",20450,12.3,37.8
550,"Company550",1031,13.9,38.3
551,"Company551",4189,20.1,41.1
552,"Company552",823,12.8,40.8
553,"Company553",5465,15.9,40.1
554,"Company554",2310,10.7,39.7
555,"Company555",9390,10.3,41.4
556,"Company556",418,19.3,45.4
557,"Company557",1709,23.1,40.9
558,"Company558",1062,10.2,38.2
559,"Company559",1477,17.8,38.8
560,"Company560",959,13.7,36
561,"Company561",781,14.5,36.9
562,"Company562",3210,18.5,39.8
563,"Company563",606,14.8,39.1
564,"Company564",7939,10.8,38.6
565,"Company565",549,12.3,48
566,"Company566",1991,16.5,47.3
567,"Company567",3067,18.1,49.7
568,"Company568",3236,14.1,44.3
569,"Company569",1331,13.3,41.5
570,"Company570",1948,18.8,38.9
571,"Company571",4707,14.7,38.7
572,"Company572",419,14.4,40.5
573,"Company573",823,16.6,45.8
574,"Company574",2479,10.9,44
575,"Company575",1153,13.3,44.7
576,"Company576",7083,18.4,41.4
577,"Company577",3529,16.5,37.3
578,"Company578",1934,16.4,43
579,"Company579",398,11.8,41.4
580,"Company580",1847,18.5,41.1
581,"Company581",1311,18.8,48.6
582,"Company582",1624,11,44.6
583,"Company583",552,18.6,41.3
584,"Company584",2963,13.4,36.3
585,"Company585",636,15.6,41.1
586,"Company586",1435,17,45
587,"Company587",2635,11.6,43.1
588,"Company588",822,12.9,42.8
589,"Company589",3224,12.5,45.1
590,"Company590",482,24.4,41.5
591,"Company591",108,14.5,41
592,"Company592",2865,15.7,41.2
593,"Company593",4171,12.7,44.2
594,"Company594",1352,13.1,41.2
595,"Company595",2979,19.1,44.3
596,"Company596",566,12.7,38.3
597,"Company597",1585,14.1,38.2
598,"Company598",258,15.4,42.4
599,"Company599",5864,12.4,44.3
600,"Company600",11561,21.2,40.8
601,"Company601",5268,21.4,40.3
602,"Company602",1751,12.7,33.5
603,"Company603",1740,19,43.1
604,"Company604",395,17.5,39.3
605,"Company605",3967,17.2,43.2
606,"Company606",1457,11.2,46.3
607,"Company607",933,14.7,40.5
608,"Company608",438,18.2,44.1
609,"Company609",1333,11.2,41.5
610,"Company610",770,13.2,43.1
611,"Company611",1210,19.8,38.5
612,"Company612",532,9.8,43.3
613,"Company613",9731,17.5,45.9
614,"Company614",1771,15.7,47.4
615,"Company615",5273,9.9,38.4
616,"Company616",133,11.5,43.6
617,"Company617",1144,16.9,40.5
618,"Company618",916,14.9,43.6
619,"Company619",529,19.3,41.5
620,"Company620",8451,11.8,41.3
621,"Company621",437,17.9,44
622,"Company622",2474,11.7,44.2
623,"Company623",4196,14.4,42.8
624,"Company624",2151,20.4,43.4
625,"Company625",750,13.1,43.1
626,"Company626",4613,19.7,42.8
627,"Company627",2134,9.9,42.3
628,"Company628",621,17.4,44.7
629,"Company629",449,14.9,44.1
630,"Company630",14505,11.3,44.4
631,"Company631",913,14.3,45.3
632,"Company632",281,14.9,43.6
633,"Company633",3068,15,41.5
634,"Company634",2454,16,38.7
635,"Company635",464,12.3,40.5
636,"Company636",257,12.1,39.4
637,"Company637",1602,14.9,41.1
638,"Company638",5624,12,40.4
639,"Company639",3400,18.5,41.4
640,"Company640",1099,14.6,38.9
641,"Company641",781,11.7,40.1
642,"Company642",2360,11.6,43.1
643,"Company643",2106,21.6,42.6
644,"Company644",3378,11.9,40.8
645,"Company645",1211,10.9,45
646,"Company646",4424,16.4,37.1
647,"Company647",784,15.6,43.4
648,"Company648",1293,16.8,46.7
649,"Company649",3775,13,40.8
650,"Company650",4844,18.2,43.2
651,"Company651",259,9.7,40.3
652,"Company652",2003,13.8,41.9
653,"Company653",3308,11.4,44.4
654,"Company654",421,16.5,39.3
655,"Company655",2910,14.5,40.3
656,"Company656",786,18.1,43.6
657,"Company657",4993,21.6,43.2
658,"Company658",3084,14.5,44.4
659,"Company659",3883,12,45.8
660,"Company660",2030,11,44.3
661,"Company661",4269,13,38.8
662,"Company662",7158,13.7,42.5
663,"Company663",12858,21.4,40.8
664,"Company664",1749,9.8,42
665,"Company665",189,10,44.8
666,"Company666",1857,12.5,42.8
667,"Company667",2210,16.2,42.5
668,"Company668",1541,17,41.6
669,"Company669",3177,10.6,43.2
670,"Company670",4945,14.5,38.5
671,"Company671",1072,13.8,40.7
672,"Company672",1341,18.4,46.8
673,"Company673",2679,18,43.8
674,"Company674",1038,12.8,39.1
675,"Company675",1972,14.2,38.3
676,"Company676",253,16.4,39.1
677,"Company677",587,12.9,43.7
678,"Company678",477,16.1,43.3
679,"Company679",766,12.1,40.3
680,"Company680",899,13.8,40.9
681,"Company681",2638,13.9,44.9
682,"Company682",4806,11.3,41.1
683,"Company683",869,10.3,41.8
684,"Company684",664,13.3,43.1
685,"Company685",635,12.7,41.5
686,"Company686",1189,17.1,39.8
687,"Company687",1417,19.7,40.8
688,"Company688",2919,14,38.8
689,"Company689",1305,15.5,43.4
690,"Company690",225,13.7,46
691,"Company691",1642,16.2,42.7
692,"Company692",5900,14.8,44.4
693,"Company693",5926,14.9,40
694,"Company694",817,18.1,41.6
695,"Company695",382,10.3,41.6
696,"Company696",21027,19.4,37.7
697,"Company697",1530,15.3,42.3
698,"Company698",1632,14.7,43.4
699,"Company699",2741,11.9,44.1
700,"Company700",358,13.4,45.9
701,"Company701",868,15.4,37.6
702,"Company702",385,11.8,43.9
703,"Company703",900,16.2,44.2
704,"Company704",2027,12.9,41.4
705,"Company705",459,11,43.8
706,"Company706",3247,11.6,37.8
707,"Company707",2403,14.9,42.6
708,"Company708",728,17.2,32.6
709,"Company709",2257,12.1,42.9
710,"Company710",3803,11.1,46.8
711,"Company711",5201,9.4,46.6
712,"Company712",1454,10,34
713,"Company713",1639,14.9,43.6
714,"Company714",1650,13.6,41
715,"Company715",7608,12.9,41.9
716,"Company716",5544,13.5,35.4
717,"Company717",4146,10.8,43.2
718,"Company718",1350,11.1,40.4
719,"Company719",2614,17.9,43.1
720,"Company720",2694,14.6,41.4
721,"Company721",635,10.1,38.9
722,"Company722",319,12.3,43
723,"Company723",3419,12.9,43.8
724,"Company724",390,11.5,42.2
725,"Company725",1803,10.4,43.7
726,"Company726",2311,13.8,40.6
727,"Company727",3163,16.7,45.9
728,"Company728",2175,14.8,40.9
729,"Company729",864,13.3,40.3
730,"Company730",4826,15.4,45.1
731,"Company731",10241,16.9,45.3
732,"Company732",4344,13.5,44
733,"Company733",257,15.7,42.7
734,"Company734",7296,9.8,46.8
735,"Company735",1701,13.1,39
736,"Company736",3042,12.4,45.4
737,"Company737",3352,14.7,47.1
738,"Company738",1634,15.3,42.2
739,"Company739",1669,13.5,43.8
740,"Company740",4987,11.2,43.8
741,"Company741",3667,10.6,45.6
742,"Company742",4845,15,39.4
743,"Company743",19505,19,44.7
744,"Company744",3498,11.1,36.9
745,"Company745",2214,12.6,48.2
746,"Company746",197,15.2,40.3
747,"Company747",26562,11.9,41.1
748,"Company748",1110,14.4,42.8
749,"Company749",19346,13.8,38.2
750,"Company750",2618,11.1,41.2
751,"Company751",8383,17.1,42.2
752,"Company752",1612,17.1,41
753,"Company753",3001,17.8,48.1
754,"Company754",2229,18.7,36.6
755,"Company755",1494,12.1,41.7
756,"Company756",1595,12.3,45.5
757,"Company757",4956,15,39.5
758,"Company758",1471,16.3,41.6
759,"Company759",234,12.7,47.8
760,"Company760",1479,12.4,36.4
761,"Company761",3088,11.7,39.6
762,"Company762",3334,19.5,38.4
763,"Company763",3334,13.4,43.9
764,"Company764",331,14.1,39.4
765,"Company765",2602,10.1,43.4
766,"Company766",4738,15.4,40.1
767,"Company767",6451,17.5,41.5
768,"Company768",1437,11.2,44.6
769,"Company769",1304,14.6,42.4
770,"Company770",7969,11.6,36.2
771,"Company771",339,11.9,40.4
772,"Company772",1162,15.2,44.1
773,"Company773",2844,10.1,47.6
774,"Company774",357,13.7,38.7
775,"Company775",2380,15.8,41.3
776,"Company776",11771,20,41.8
777,"Company777",1792,15.8,39.8
778,"Company778",1362,20.3,37.9
779,"Company779",2894,15.7,47.5
780,"Company780",1361,14,46.4
781,"Company781",4060,9.5,37.8
782,"Company782",4446,12.8,36.3
783,"Company783",1804,16.6,41.2
784,"Company784",554,12.8,43.3
785,"Company785",481,16,41.6
786,"Company786",994,10.1,45.4
787,"Company787",3995,13,41.3
788,"Company788",254,14.8,38.5
789,"Company789",272,12.7,46.6
790,"Company790",936,14.4,41.3
791,"Company791",2670,11.5,41.1
792,"Company792",721,15.4,41.2
793,"Company793",4369,13.7,42.2
794,"Company794",2512,13.8,35
795,"Company795",1517,11.5,44
796,"Company796",4082,12.2,44.2
797,"Company797",2654,13.4,43.9
798,"Company798",1152,15,40.8
799,"Company799",2268,18,42.3
800,"Company800",3439,15.6,37.7
801,"Company801",2570,17.7,43.1
802,"Company802",932,12.1,39.5
803,"Company803",4233,12.9,46
804,"Company804",5701,18,39.2
805,"Company805",2372,14,35.8
806,"Company806",2079,10.9,42.5
807,"Company807",1668,17.7,37.1
808,"Company808",15630,11.7,39.2
809,"Company809",2372,15.2,44.4
810,"Company810",1536,14.1,47.6
811,"Company811",146,12.2,41.2
812,"Company812",376,12.7,44.9
813,"Company813",1665,15.4,37.9
814,"Company814",2212,14.8,47.2
815,"Company815",2374,18.6,42
816,"Company816",4093,13.3,39.7
817,"Company817",1482,10.6,43.2
818,"Company818",6064,14.6,39.6
819,"Company819",716,16.6,42.2
820,"Company820",537,22.4,42.3
821,"Company821",526,12.3,45.5
822,"Company822",3781,12.8,40.3
823,"Company823",1656,17.3,40.9
824,"Company824",3965,18.7,42.4
825,"Company825",1377,11.6,44.7
826,"Company826",995,16.5,47.7
827,"Company827",1245,11.9,46.7
828,"Company828",282,10.4,44.9
829,"Company829",558,16.3,36.3
830,"Company830",425,14.4,44.8
831,"Company831",5166,15.4,44.3
832,"Company832",990,11.9,39.9
833,"Company833",3963,20.6,40.3
834,"Company834",8201,16.5,37.9
835,"Company835",1485,12.6,42
836,"Company836",2390,16.6,42.3
837,"Company837",312,9.5,36.7
838,"Company838",793,13.5,37.3
839,"Company839",1904,19.2,42.5
840,"Company840",2427,13.3,38.9
841,"Company841",842,17.4,41.1
842,"Company842",26381,13.2,45
843,"Company843",1138,10.7,40.7
844,"Company844",1919,14.8,42.4
845,"Company845",3447,19.4,43.8
846,"Company846",1753,11.8,38.6
847,"Company847",945,15,45.7
848,"Company848",5119,10.4,44.8
849,"Company849",9055,10.2,45.8
850,"Company850",1747,11.1,40.7
851,"Company851",3158,19.1,37.6
852,"Company852",1632,17.5,43.5
853,"Company853",4974,16.2,43.9
854,"Company854",566,18.1,49.6
855,"Company855",18331,12.4,47.2
856,"Company856",984,16.8,40.6
857,"Company857",418,14.8,39
858,"Company858",1267,10.1,43.9
859,"Company859",2084,10.9,48
860,"Company860",9128,14.2,38.5
861,"Company861",4477,14.8,39.7
862,"Company862",2075,12.8,47.2
863,"Company863",448,10.3,47.5
864,"Company864",757,15.6,42.6
865,"Company865",1528,12.9,37.1
866,"Company866",23122,16,40.4
867,"Company867",280,9.4,45.5
868,"Company868",5578,13.6,48.5
869,"Company869",1062,16.9,42
870,"Company870",9523,17.3,40.1
871,"Company871",576,10.2,42.9
872,"Company872",2078,13,42.4
873,"Company873",599,9.8,39.3
874,"Company874",4442,15.2,43.8
875,"Company875",7937,13.9,46.2
876,"Company876",12660,10.8,42
877,"Company877",3996,11.1,43.9
878,"Company878",11370,10.1,42.8
879,"Company879",6260,15.6,43.4
880,"Company880",1577,16.1,41.4
881,"Company881",2900,15.4,45.6
882,"Company882",680,10.9,42.7
883,"Company883",1495,16,40.5
884,"Company884",6102,13.3,43.9
885,"Company885",3092,13.9,44.9
886,"Company886",2843,17.8,41.8
887,"Company887",637,10.7,34
888,"Company888",983,18.2,46.9
889,"Company889",837,12.5,39.7
890,"Company890",2672,11.4,41
891,"Company891",668,13.2,46.9
892,"Company892",3157,15.4,36.3
893,"Company893",589,13.2,38.7
894,"Company894",11204,10.7,39.8
895,"Company895",2853,13,38.1
896,"Company896",892,12.1,45.3
897,"Company897",2290,15.7,45.8
898,"Company898",1265,13.4,43.5
899,"Company899",2608,16.5,40.7
900,"Company900",2296,15.8,40.7
901,"Company901",652,16.4,40.3
902,"Company902",815,16.4,40.4
903,"Company903",2428,14,43.4
904,"Company904",9270,20,44.7
905,"Company905",5324,12.2,40.6
906,"Company906",963,15.7,43
907,"Company907",4111,14.5,34.8
908,"Company908",1714,16.1,42.2
909,"Company909",2432,13,39.4
910,"Company910",2335,11.6,45.3
911,"Company911",23647,14.3,45.6
912,"Company912",550,14.8,35.4
913,"Company913",1991,13.3,44.8
914,"Company914",303,14.1,40.3
915,"Company915",3246,15.5,41.5
916,"Company916",5389,11.1,44.7
917,"Company917",7640,18.2,44.1
918,"Company918",262,22.1,39.5
919,"Company919",2719,19.5,43
920,"Company920",8856,12.3,40.6
921,"Company921",1189,14.2,45.8
922,"Company922",1455,17.3,37.3
923,"Company923",1735,16.9,44.5
924,"Company924",2592,9.4,46.2
925,"Company925",3500,9.9,34.2
926,"Company926",6723,14.5,43.9
927,"Company927",1636,16.3,40.9
928,"Company928",2190,17.2,42.3
929,"Company929",21666,17,41.2
930,"Company930",2770,10.4,44.1
931,"Company931",2173,15.9,44.8
932,"Company932",470,17.1,43.8
933,"Company933",1805,15.2,41.7
934,"Company934",1442,10.1,40.7
935,"Company935",1780,19.8,41.6
936,"Company936",1012,12.6,41.3
937,"Company937",905,20.6,42.6
938,"Company938",875,16,39.5
939,"Company939",1452,18.4,43.8
940,"Company940",7070,15.2,39
941,"Company941",5139,13.8,37.5
942,"Company942",1255,10.3,42.8
943,"Company943",333,11.9,43.2
944,"Company944",773,13.8,45.1
945,"Company945",1138,15,44.2
946,"Company946",1996,13.9,42.7
947,"Company947",927,13.3,44.1
948,"Company948",13389,14.7,39.1
949,"Company949",1370,12.1,38.6
950,"Company950",534,12,38.4
951,"Company951",1562,17.1,42.1
952,"Company952",658,14.2,44
953,"Company953",2104,13.7,44.7
954,"Company954",2273,11.3,46.5
955,"Company955",2568,13.1,43
956,"Company956",355,10,41.6
957,"Company957",2244,10.1,40
958,"Company958",2455,17.6,42.8
959,"Company959",434,14.5,41.8
960,"Company960",4679,9.9,41
961,"Company961",3943,18.3,40
962,"Company962",17946,16.3,39
963,"Company963",2105,16.7,39.1
964,"Company964",1886,13.2,46.4
965,"Company965",1982,12.4,42.8
966,"Company966",1930,13.6,40.7
967,"Company967",283,15.5,37.3
968,"Company968",338,17,42.6
969,"Company969",1665,19.9,40.5
970,"Company970",1006,12.1,41.7
971,"Company971",1901,10.2,41.4
972,"Company972",217,14.4,44.3
973,"Company973",402,12.4,41.8
974,"Company974",598,18.2,41.5
975,"Company975",4825,13.1,49.1
976,"Company976",600,12.2,45.3
977,"Company977",809,11.4,42.4
978,"Company978",1949,13.2,39.8
979,"Company979",1303,20.1,45.5
980,"Company980",2083,15.1,39.2
981,"Company981",18044,15.8,41.9
982,"Company982",584,17.1,44.6
983,"Company983",1326,21.7,40.8
984,"Company984",1073,16.9,40.9
985,"Company985",8167,10.2,43.3
986,"Company986",833,18.8,42.4
987,"Company987",1658,12.2,41.3
988,"Company988",3954,15.5,41.4
989,"Company989",624,18.4,42.8
990,"Company990",9421,12.1,43.4
991,"Company991",3537,13.5,45.9
992,"Company992",614,15.3,40.7
993,"Company993",2835,14.8,45.9
994,"Company994",1454,11.1,37.6
995,"Company995",2462,16.7,40.1
996,"Company996",1645,16,37.9
997,"Company997",5250,12.9,42.9
998,"Company998",466,9.5,43.3
999,"Company999",1067,16.3,37.9
1000,"Company1000",1402,19.3,42.1
1001,"Company1001",664,19.1,39.3
1002,"Company1002",636,17.2,43.5
1003,"Company1003",1767,12.2,37.3
1004,"Company1004",1577,12,44.6
1005,"Company1005",140,11.8,41.9
1006,"Company1006",5095,12.5,38.9
1007,"Company1007",2310,16.6,41.8
1008,"Company1008",20165,14.9,41.2
1009,"Company1009",3571,13.9,40.9
1010,"Company1010",1151,14.6,37.5
1011,"Company1011",29523,11,40.2
1012,"Company1012",30569,14.1,41.5
1013,"Company1013",532,19.4,37.6
1014,"Company1014",2877,9.4,42.9
1015,"Company1015",1457,10,46.1
1016,"Company1016",2170,14.6,44.3
1017,"Company1017",2259,15.2,39.6
1018,"Company1018",509,12.8,40
1019,"Company1019",2394,11.7,40.6
1020,"Company1020",10350,11.9,43.8
1021,"Company1021",1527,13.3,41.9
1022,"Company1022",1529,20,39.2
1023,"Company1023",7288,11.5,37.5
1024,"Company1024",4420,14.3,43.7
1025,"Company1025",346,11.4,38.9
1026,"Company1026",2262,9.4,43.5
1027,"Company1027",9405,16.4,42.2
1028,"Company1028",7411,10.1,44.2
1029,"Company1029",2739,24.1,45.3
1030,"Company1030",3702,14.3,37.7
1031,"Company1031",543,14.2,45.1
1032,"Company1032",2430,13.8,44.1
1033,"Company1033",693,20.8,41.1
1034,"Company1034",1138,16.5,41.9
1035,"Company1035",4587,13.1,43.5
1036,"Company1036",577,9.7,44
1037,"Company1037",2350,10.2,36.9
1038,"Company1038",2762,11.1,46.4
1039,"Company1039",1901,18.5,37.8
1040,"Company1040",11133,13.3,35.8
1041,"Company1041",647,11.2,44.9
1042,"Company1042",3299,16.9,37.5
1043,"Company1043",1646,19,41.3
1044,"Company1044",1386,11.4,38
1045,"Company1045",2863,12.4,36.6
1046,"Company1046",648,15.3,40.7
1047,"Company1047",484,14,43.9
1048,"Company1048",1097,15.5,42.9
1049,"Company1049",10376,20.3,40.1
1050,"Company1050",1903,13.8,42
1051,"Company1051",2507,13,41.7
1052,"Company1052",1488,15.8,41.9
1053,"Company1053",2881,13.8,40.7
1054,"Company1054",694,16.3,43.1
1055,"Company1055",5729,13.2,38.8
1056,"Company1056",3230,15.6,43.1
1057,"Company1057",803,14.1,41
1058,"Company1058",1900,12.1,41
1059,"Company1059",3684,9.6,44.1
1060,"Company1060",3144,12.5,40.7
1061,"Company1061",7922,15.4,39
1062,"Company1062",975,14.3,38.4
1063,"Company1063",5495,16.6,44
1064,"Company1064",5075,17.5,35
1065,"Company1065",1530,17.1,40.7
1066,"Company1066",678,12.8,42.5
1067,"Company1067",605,13,37.9
1068,"Company1068",2845,18.3,42
1069,"Company1069",1676,13.6,44
1070,"Company1070",10664,15.8,36.5
1071,"Company1071",3073,15,39.3
1072,"Company1072",1240,12.5,47.3
1073,"Company1073",645,14.6,40
1074,"Company1074",1005,19.1,39.1
1075,"Company1075",2536,18.8,39.4
1076,"Company1076",1146,12.3,40.7
1077,"Company1077",3010,14,42.6
1078,"Company1078",1288,11.3,39.9
1079,"Company1079",1619,21.4,42.6
1080,"Company1080",866,19.5,44.1
1081,"Company1081",12095,13.2,43
1082,"Company1082",2510,11.4,44.2
1083,"Company1083",2266,21.9,39.6
1084,"Company1084",331,14.4,41.6
1085,"Company1085",3481,11.8,44
1086,"Company1086",646,18,42.2
1087,"Company1087",738,9.9,42.6
1088,"Company1088",4509,16.7,42.2
1089,"Company1089",1144,19.3,42.5
1090,"Company1090",313,13.2,41.9
1091,"Company1091",10566,19.4,38.7
1092,"Company1092",167,16.4,42.5
1093,"Company1093",3191,11.5,40.6
1094,"Company1094",4978,16.1,46.3
1095,"Company1095",957,11.4,40.4
1096,"Company1096",2806,12,42.5
1097,"Company1097",2792,16.9,36.1
1098,"Company1098",5095,12.2,40
1099,"Company1099",2920,13.9,39.5
1100,"Company1100",1409,17.8,45.7
1101,"Company1101",4498,9.5,41.5
1102,"Company1102",4008,19.9,42.4
1103,"Company1103",705,21.6,42.9
1104,"Company1104",443,16.3,40.4
1105,"Company1105",2112,15.6,42.9
1106,"Company1106",1368,12.2,46.5
1107,"Company1107",671,15.8,43.9
1108,"Company1108",1957,12.1,44.1
1109,"Company1109",480,15.1,39.5
1110,"Company1110",2114,11.5,42.5
1111,"Company1111",963,16.9,42.9
1112,"Company1112",4687,16.6,40
1113,"Company1113",20333,18.6,42.4
1114,"Company1114",720,21.3,47.9
1115,"Company1115",5183,11.6,39.1
1116,"Company1116",4108,17.6,43.7
1117,"Company1117",1677,12.3,38.8
1118,"Company1118",1143,17.5,43.1
1119,"Company1119",8698,11.3,38.9
1120,"Company1120",242,15.3,43.8
1121,"Company1121",946,10.7,38.2
1122,"Company1122",427,12.6,42.1
1123,"Company1123",7265,13.8,46
1124,"Company1124",1487,11.7,41.3
1125,"Company1125",1065,14.9,41.7
1126,"Company1126",43459,15.8,46.2
1127,"Company1127",1712,14.5,48.1
1128,"Company1128",1154,12.2,49.4
1129,"Company1129",2429,17.3,40.8
1130,"Company1130",375,18,38.8
1131,"Company1131",2939,18.2,44
1132,"Company1132",1634,12.7,43.3
1133,"Company1133",2875,9.9,45.9
1134,"Company1134",673,11.7,42.5
1135,"Company1135",647,18.9,42.5
1136,"Company1136",899,16,46.5
1137,"Company1137",835,15.8,42.5
1138,"Company1138",6598,14.7,44
1139,"Company1139",8731,16.3,43.5
1140,"Company1140",1538,17.2,41.9
1141,"Company1141",1257,10.4,40.4
1142,"Company1142",1295,17.5,41
1143,"Company1143",1929,20.4,36.2
1144,"Company1144",1983,11,45.8
1145,"Company1145",2405,16.8,37.2
1146,"Company1146",853,15.2,40.2
1147,"Company1147",771,10.1,40.9
1148,"Company1148",5958,18.2,45.6
1149,"Company1149",1039,14.1,42.2
1150,"Company1150",2437,17,44.8
1151,"Company1151",1700,14.8,41.1
1152,"Company1152",690,17.2,47
1153,"Company1153",3250,14.1,43.5
1154,"Company1154",2140,18.1,43.6
1155,"Company1155",7297,12.7,44.6
1156,"Company1156",2024,16,37.6
1157,"Company1157",1292,15.4,42
1158,"Company1158",2377,17.1,42.6
1159,"Company1159",550,11.7,39.7
1160,"Company1160",780,14.7,42
1161,"Company1161",2998,11.9,39.8
1162,"Company1162",1290,17.4,42.7
1163,"Company1163",1685,11.6,36.6
1164,"Company1164",1604,20.4,42.9
1165,"Company1165",939,16.9,40.1
1166,"Company1166",239,13.9,44.8
1167,"Company1167",2551,18.5,36.1
1168,"Company1168",3855,13.7,42.1
1169,"Company1169",496,16.1,41.3
1170,"Company1170",7926,16,44.8
1171,"Company1171",2645,15.6,37.3
1172,"Company1172",6885,11.8,40.4
1173,"Company1173",691,9.4,44.1
1174,"Company1174",2126,12.3,43.8
1175,"Company1175",1628,16.5,43.1
1176,"Company1176",3881,13.1,42.9
1177,"Company1177",1011,9.5,37
1178,"Company1178",1781,22,44.6
1179,"Company1179",303,16.6,42.6
1180,"Company1180",827,21.2,36.6
1181,"Company1181",2039,18.5,41.5
1182,"Company1182",888,11.7,44.9
1183,"Company1183",1723,12.5,44.1
1184,"Company1184",1127,16.7,40.1
1185,"Company1185",3302,20,44.7
1186,"Company1186",5790,10.6,40.8
1187,"Company1187",790,9.6,43.1
1188,"Company1188",1324,17.3,44.8
1189,"Company1189",7595,21.1,43.2
1190,"Company1190",199,16.1,40
1191,"Company1191",1307,15.3,44.5
1192,"Company1192",14189,14.4,46.4
1193,"Company1193",16141,13.8,39.2
1194,"Company1194",2105,11.8,41.5
1195,"Company1195",758,10.7,45
1196,"Company1196",2123,14.9,39.4
1197,"Company1197",937,17.1,36.8
1198,"Company1198",7695,20.4,40.5
1199,"Company1199",803,16.8,45.2
1200,"Company1200",2613,10.5,37.9
1201,"Company1201",3345,18.3,41.3
1202,"Company1202",843,15.3,44.9
1203,"Company1203",4217,19.3,42.1
1204,"Company1204",852,15.8,43.7
1205,"Company1205",3380,15.1,46.9
1206,"Company1206",5389,17.9,44.7
1207,"Company1207",669,13.1,43.8
1208,"Company1208",5450,18.2,43.5
1209,"Company1209",1103,12.4,38.5
1210,"Company1210",2416,12.4,44.5
1211,"Company1211",2202,14.1,43.6
1212,"Company1212",1174,10,43.2
1213,"Company1213",2353,12.3,42.2
1214,"Company1214",525,18.1,38.2
1215,"Company1215",1570,20.1,42.5
1216,"Company1216",4110,18.1,45.8
1217,"Company1217",204,12.4,40.2
1218,"Company1218",406,15.2,36.6
1219,"Company1219",563,14.4,47.5
1220,"Company1220",367,9.3,40.3
1221,"Company1221",2738,15,45.4
1222,"Company1222",666,11,43.9
1223,"Company1223",206,10.1,47
1224,"Company1224",951,16.7,41.9
1225,"Company1225",1217,11.4,41.1
1226,"Company1226",4240,13.5,47.2
1227,"Company1227",596,10.4,48.5
1228,"Company1228",5749,14.2,43
1229,"Company1229",2680,15.8,42.5
1230,"Company1230",2586,15.9,44.2
1231,"Company1231",767,10,40
1232,"Company1232",12698,18.7,43.5
1233,"Company1233",1527,19.5,39
1234,"Company1234",290,15.4,41.1
1235,"Company1235",1468,14.6,44.4
1236,"Company1236",260,14.3,39.7
1237,"Company1237",1319,15,44.6
1238,"Company1238",1180,15.4,43.5
1239,"Company1239",3559,14.5,46.3
1240,"Company1240",4939,16.4,48.5
1241,"Company1241",870,12.8,40.3
1242,"Company1242",4030,18.2,43.2
1243,"Company1243",7479,13.9,46.7
1244,"Company1244",821,13.6,42.6
1245,"Company1245",937,15.7,40
1246,"Company1246",3450,18.6,39
1247,"Company1247",2161,14.2,46.2
1248,"Company1248",3116,14,49.8
1249,"Company1249",7333,9.6,38.9
1250,"Company1250",2650,10.4,42.3
1251,"Company1251",5152,10.2,37.3
1252,"Company1252",3355,11,42.2
1253,"Company1253",2777,18.2,41.1
1254,"Company1254",2648,10.9,42
1255,"Company1255",6547,12.4,50.7
1256,"Company1256",660,14.7,37.8
1257,"Company1257",596,17.3,43.3
1258,"Company1258",3253,11.5,47.5
1259,"Company1259",1596,10.9,40.2
1260,"Company1260",1938,12.1,39.5
1261,"Company1261",3777,9.7,42.1
1262,"Company1262",3823,17.4,45.9
1263,"Company1263",1384,12,41
1264,"Company1264",1316,14.1,38.9
1265,"Company1265",1937,19.7,42.2
1266,"Company1266",5211,20,35.9
1267,"Company1267",2756,11.9,37.6
1268,"Company1268",7544,11.4,45.3
1269,"Company1269",1786,12,43.4
1270,"Company1270",5548,16.6,35.5
1271,"Company1271",4352,14.9,43.9
1272,"Company1272",3319,12.5,35.1
1273,"Company1273",2725,11.2,40.7
1274,"Company1274",1360,13.2,42.9
1275,"Company1275",1614,13.9,37.7
1276,"Company1276",2264,10.7,45.8
1277,"Company1277",1890,14.2,45.6
1278,"Company1278",4622,15.7,40
1279,"Company1279",1613,12.1,45.4
1280,"Company1280",1677,10.2,42.6
1281,"Company1281",1109,11.7,44
1282,"Company1282",1567,11.5,44
1283,"Company1283",1680,11.1,38.1
1284,"Company1284",178,13.3,35.9
1285,"Company1285",459,13.2,48.6
1286,"Company1286",1674,15.2,42.7
1287,"Company1287",1380,18.8,43.1
1288,"Company1288",541,15.2,38.4
1289,"Company1289",245,19.5,45.4
1290,"Company1290",1262,11.6,47.5
1291,"Company1291",3460,19,46.6
